conversation_id_str,created_at,favorite_count,full_text,id_str,image_url,in_reply_to_screen_name,lang,location,quote_count,reply_count,retweet_count,tweet_url,user_id_str,username
1746653746153562440,Sun Jan 14 23:59:16 +0000 2024,0,@maxkeiser Yo dumb and dumber what is controlling the price of bitcoin,1746683429301756228,,maxkeiser,en,,0,0,0,https://twitter.com/DivincenzoDevin/status/1746683429301756228,1551259845503885316,DivincenzoDevin
1746683149449339360,Sun Jan 14 23:58:09 +0000 2024,0,It s still a correction on Bitcoin all for 4 days. And still falling on price. Or they selling it for buy bitcoin ETF . That s what I think right now!!,1746683149449339360,,,en,"Hasselt, Belgium",0,0,0,https://twitter.com/BertGielen2/status/1746683149449339360,1552219285698772992,BertGielen2
1746683111306584442,Sun Jan 14 23:58:00 +0000 2024,133,On January 12 the #Bitcoin Miners' Position Index (MPI) hit a high of 9.43! This indicates miners moved more $BTC than usual hinting at potential sales. Despite a recent #BTC price correction stay vigilant - further miner selling could drive prices further down! https://t.co/dvz5HP9eQY,1746683111306584442,https://pbs.twimg.com/media/GD0kg52XkAEKSBa.jpg,,en,United States,2,6,22,https://twitter.com/ali_charts/status/1746683111306584442,997932926649200640,ali_charts
1746678183691260407,Sun Jan 14 23:56:39 +0000 2024,0,@GBNEWS @nickdixoncomic @LeoKearse @Kogie11 They're going to make Government increase the price of alcohol because of this. Men should get a discount if they're drinking more responsibly. Ya know like car insurance.,1746682771144069175,,GBNEWS,en,"South East, England",0,0,0,https://twitter.com/Mike_Bitcoin_X/status/1746682771144069175,2523137198,Mike_Bitcoin_X
1746682738714034198,Sun Jan 14 23:56:31 +0000 2024,6, #Bitcoin 4H Chart Update: Support Trendline: #BTC 's price broke below uptrend line signaling a shift in ST market structure and deeper correction to possibly ~$38K Possible Outcomes: - A break holding below trendline confirms a trend shift or deeper correction https://t.co/3WYnMRvas1,1746682738714034198,https://pbs.twimg.com/media/GD12UA6aMAADQ57.jpg,,en,Worldwide,1,2,0,https://twitter.com/CryptofyHub/status/1746682738714034198,1577999941753921536,CryptofyHub
1746682668266483842,Sun Jan 14 23:56:14 +0000 2024,12,Every single Satoshi being dumped right now by you knuckleheads is going straight into Blackrock's wallet...then they'll sell this #Bitcoin back to you at 10x the price. #HodlYouFools,1746682668266483842,,,en,Los Angeles,0,2,2,https://twitter.com/RonNoble/status/1746682668266483842,20938499,RonNoble
1746682412929618138,Sun Jan 14 23:55:13 +0000 2024,0,What a drop on Bitcoin price. This going to 40000 or 35000 dollars per bitcoin on this fast speed,1746682412929618138,,,en,"Hasselt, Belgium",0,1,0,https://twitter.com/BertGielen2/status/1746682412929618138,1552219285698772992,BertGielen2
1746682096888746447,Sun Jan 14 23:53:58 +0000 2024,3,Bitcoin hash price has surged by 15% in the past 24 hours recovering from its lowest point in a month observed yesterday. #Bitcoin #Crypto https://t.co/V7QWECp64x,1746682096888746447,https://pbs.twimg.com/media/GD12GkHWUAASURU.jpg,,en,Cryptocurrency Markets ,0,1,1,https://twitter.com/yung_satoshi/status/1746682096888746447,1549522048275419142,yung_satoshi
1746681940282085447,Sun Jan 14 23:53:21 +0000 2024,1,I think they want #Bitcoin to go down to 40K levels. $BTC price now at $41 900s. https://t.co/MLz6jTwY9N,1746681940282085447,https://pbs.twimg.com/media/GD11scIbgAAKllW.jpg,,en,Manila,0,0,0,https://twitter.com/charliemoney_ph/status/1746681940282085447,1698315440223838208,charliemoney_ph
1746681752603775266,Sun Jan 14 23:52:36 +0000 2024,5,Every single Satoshi being dumped right now is going straight into Blackrock's wallet.And they will sell every one of them back to the chicken heads at 10x the price! #Bitcoin,1746681752603775266,,,en,Earth ,0,1,0,https://twitter.com/nunyaaaaa222/status/1746681752603775266,896081822743789568,nunyaaaaa222
1746538717072769213,Sun Jan 14 23:49:57 +0000 2024,0,@Bitmint2 @BritishHodl I have no use for shares of Bitcoin. My concern is their ability to control the price of Bitcoin. I just don't know how they will do it. Will they sell short their shares and somehow buy them back at closing?,1746681085743009801,,Bitmint2,en,,0,1,0,https://twitter.com/Pubs1787/status/1746681085743009801,1587681359207596032,Pubs1787
1746680939495973141,Sun Jan 14 23:49:22 +0000 2024,0,Monday 1st April 2024 the price of Bitcoin will be $34377,1746680939495973141,,,en,"Melbourne, Victoria",0,0,0,https://twitter.com/altergothen/status/1746680939495973141,45186766,altergothen
1746680899373003263,Sun Jan 14 23:49:12 +0000 2024,24,Don t underestimate the power of the #Cardano community. We all understand what will happen after the #bitcoin halving. $ADA price is going to be parabolic Right now price is consolidating https://t.co/1wileuprRL,1746680899373003263,https://pbs.twimg.com/media/GD11BR7WYAAy2it.jpg,,en,,0,0,2,https://twitter.com/TheDAppAnalyst/status/1746680899373003263,1479998430109962244,TheDAppAnalyst
1746680572590891124,Sun Jan 14 23:47:54 +0000 2024,0,Wts sell selling big acc / f gede F21K Y2021 Go green usn + pass + email + pass email (sewaktu waktu followers akan bertambah) Price? Dm! #zonauang #zonaba #ratszone #Bitcoin https://t.co/lwHfgl5E04,1746680572590891124,https://pbs.twimg.com/media/GD10uJvbMAAJgep.jpg,,in,9-4 18:08,0,1,0,https://twitter.com/deahd/status/1746680572590891124,1643737546000842752,deahd
1746642607143334319,Sun Jan 14 23:47:10 +0000 2024,0,@lukas10gomes Bitcoin's status in the cryptocurrency world shapes and is influenced by price fluctuations.,1746680385545888211,,lukas10gomes,en,,0,0,0,https://twitter.com/Eli27493659/status/1746680385545888211,1550668307711135745,Eli27493659
1746680016392647039,Sun Jan 14 23:45:42 +0000 2024,0,Santiment reveals 2 altcoins poised for price jumps: Axie Infinity (AXS) and Bitcoin Cash (BCH). Short positions on the rise but short liquidations could ignite rocket-like surges.,1746680016392647039,,,en,"New York, USA",0,0,0,https://twitter.com/BlockVoyagerAIO/status/1746680016392647039,1709199703051759616,BlockVoyagerAIO
1746679691082166664,Sun Jan 14 23:44:24 +0000 2024,1,1/2 Fear and Greed Index GREED 60 #Bitcoin Price: $41 850 $BTC #Cryptos #cryptocurrency #BTCUSDT https://t.co/q5hxzM2PRR,1746679691082166664,https://pbs.twimg.com/media/GD1z4_nW4AA42TS.jpg,,en,,0,2,0,https://twitter.com/Dr_Moonshow/status/1746679691082166664,1374812047700017156,Dr_Moonshow
1746679540230103105,Sun Jan 14 23:43:48 +0000 2024,0,Crypto analyst il Capo predicts a significant Bitcoin price shift: $50 000 before dropping to $30 000. Based on Elliott Wave theory a transition from Bitcoin to altcoins is expected. Caution advised in the coming days. #Crypto #Bitcoin,1746679540230103105,,,en,"New York, USA",0,0,0,https://twitter.com/BlockVoyagerAIO/status/1746679540230103105,1709199703051759616,BlockVoyagerAIO
1746679442833866947,Sun Jan 14 23:43:25 +0000 2024,1, CBBI: 61 #Bitcoin price: $41 850 Pi Cycle Top Indicator: 60% „Ä∞Ô∏èÔ∏è RUPL/NUPL Chart: 77% RHODL Ratio: 54% „Ä∞Ô∏èÔ∏è Puell Multiple: 100% 2 Year Moving Average: 88% Bitcoin Trolololo Trend Line: 34% „Ä∞Ô∏èÔ∏è MVRV Z-Score 46% Reserve Risk 37% Woobull 55% üÜï #crypto https://t.co/rovJSUzwGD,1746679442833866947,https://pbs.twimg.com/media/GD1zqZhWIAA5dZJ.jpg,,en,,0,0,0,https://twitter.com/Dr_Moonshow/status/1746679442833866947,1374812047700017156,Dr_Moonshow
1745851419993780356,Sun Jan 14 23:43:09 +0000 2024,0,@leadlagreport Bitcoin ETFs could be one of the best things for Bitcoin - as intuitional and retail investors can more easily on board capital and short. The potential short covering at losses likely catalyst driving price to all time new highs.,1746679376568340989,,leadlagreport,en,"Baltimore, MD ",0,0,0,https://twitter.com/brossbarrett/status/1746679376568340989,1722439898,brossbarrett
1746679349225361809,Sun Jan 14 23:43:03 +0000 2024,3,Im a simple man. If there s a twitter poll on Bitcoin price I choose the lowest option.,1746679349225361809,,,en,,0,0,0,https://twitter.com/BeefSupreme14/status/1746679349225361809,809249846922190849,BeefSupreme14
1746679295462850709,Sun Jan 14 23:42:50 +0000 2024,0,$BTC Price: $41 870 #Bitcoin #BTC #BitcoinPrice #Crypto #blockchain #cryptocurrency https://t.co/xRz8BJ7u04,1746679295462850709,https://pbs.twimg.com/media/GD1zj-gWIAA9WuD.jpg,,en,Moon,0,0,0,https://twitter.com/KingBtcTracker/status/1746679295462850709,1737640469050404864,KingBtcTracker
1746679244246098094,Sun Jan 14 23:42:38 +0000 2024,0,#Ethereum Is The Signal For #Bitcoin's Next Move. [price statistics]. Video by Eric Krown #Crypto.,1746679244246098094,,,en,,0,0,0,https://twitter.com/WaquCoal/status/1746679244246098094,1742907379447205888,WaquCoal
1746643607787069569,Sun Jan 14 23:42:31 +0000 2024,0,@SlyGoomba @AriZonanHODL And you probably won't need the full amount of the original sats purchased. When you live on bitcoin you start to notice your balance goes up because things priced in bitcoin go down in price. And for the times the exchange isn't favorable you can spend gold silver or credit,1746679216446353767,,SlyGoomba,en,USA,0,0,0,https://twitter.com/ReichardKonige/status/1746679216446353767,1601371700519751681,ReichardKonige
1746679145847804322,Sun Jan 14 23:42:14 +0000 2024,0,#Bitcoin Price: $41 750 https://t.co/qDRsGdKqFW,1746679145847804322,https://pbs.twimg.com/media/GD1zbTUWkAE-MjU.jpg,,en,,0,1,0,https://twitter.com/Price/status/1746679145847804322,1590755045057912842,Price
1746678806805447071,Sun Jan 14 23:40:53 +0000 2024,0,Bitcoin price crumbles after spot ETF approval but ICP TIA MNT SEI and altcoins rebound https://t.co/loMBiC0jEP,1746678806805447071,,,en,Mexico,0,0,0,https://twitter.com/LosKruptos/status/1746678806805447071,997581688749379587,LosKruptos
1746457130025017596,Sun Jan 14 23:40:39 +0000 2024,1,@jdlcma @thescalpingpro Here I leave you the possible ath of bitcoin I cannot give you 100% precision it is a calculation close to the peak using an invested HCH with altcoins and other layers you could measure its Capitalization and its previous maximum it will give you a multiplied price = new Ath https://t.co/lQphsmsbl1,1746678747036606544,https://pbs.twimg.com/media/GD1zEBTWIAAMiUa.jpg,jdlcma,en,Peru,0,4,0,https://twitter.com/V1XJEFFX2A/status/1746678747036606544,1041920693477236736,V1XJEFFX2A
1746355026048794663,Sun Jan 14 23:40:20 +0000 2024,1,@INDIANHODL I m agreeing with you man whether one buys at 50k 40k 30k 20k it s nearly the same. When you zoom out over a long time horizon Bitcoin has a fiat price of 7figs its all a rounding error,1746678664736153690,,BitcoinMaxiHodl,en,Australia,0,1,0,https://twitter.com/BitcoinMaxiHodl/status/1746678664736153690,1137960615299805190,BitcoinMaxiHodl
1746678566035546204,Sun Jan 14 23:39:56 +0000 2024,54,Irving Fisher's century old Equation of Exchange proves that bitcoin's price is bonkers. If only someone told us this 14 years ago we would have all just packed our bags https://t.co/9inWykkabd,1746678566035546204,https://pbs.twimg.com/media/GD1pkNrWUAAben4.jpg,,en,"Texas, USA",0,12,1,https://twitter.com/TuurDemeester/status/1746678566035546204,40742821,TuurDemeester
1746677683776614898,Sun Jan 14 23:38:38 +0000 2024,1,@unusual_whales Maybe they just didn't want the bitcoin price to go any lower?,1746678238519161296,,unusual_whales,en,It's your point of growth ‚Üí,0,1,0,https://twitter.com/growthnick/status/1746678238519161296,1702357001236287492,growthnick
1746363515022049555,Sun Jan 14 23:38:37 +0000 2024,0,@SamanthaLaDuc At the price you deserve ma'am. For now hfsp but you may want to pick up a little just in case it catches on. No time more time to explain if you don't get it or understand. -#Bitcoin,1746678236140958103,,SamanthaLaDuc,en,"Illinois, USA",0,0,0,https://twitter.com/optout1971/status/1746678236140958103,489886124,optout1971
1746678081014669331,Sun Jan 14 23:38:00 +0000 2024,0,Stacking is easier at these prices as bitcoin price falls my smile gets bigger #bitcoin #btc,1746678081014669331,,,en,,0,0,0,https://twitter.com/btcgroupreal/status/1746678081014669331,1695223471783972864,btcgroupreal
1746677947912646703,Sun Jan 14 23:37:31 +0000 2024,0,It is not a matter of IF but WHEN we see the price of #bitcoin launch. The smartest thing anyone can do is learn about #bitcoin and buy #bitcoin everyday. Subscribe to our free newsletter at the link in bio Follow @buildyourwallet for more.,1746677956624191563,,buildyourwallet,en,,0,1,0,https://twitter.com/buildyourwallet/status/1746677956624191563,1699128542997438464,buildyourwallet
1746677947912646703,Sun Jan 14 23:37:30 +0000 2024,0,Also this April there is a #bitcoin halving. This basically means the amount of #bitcoin that miners get as rewards for solving blocks gets cut in half. Normally after a halving the price of #bitcoin has been at all time highs in the past.,1746677954652828045,,buildyourwallet,en,,0,2,0,https://twitter.com/buildyourwallet/status/1746677954652828045,1699128542997438464,buildyourwallet
1746677947912646703,Sun Jan 14 23:37:30 +0000 2024,0,2) Explode The price of #bitcoin is inevitable to go up in the long run. With the increase in demand (ETFs) and the limited supply (21 million tokens) the price will likely go up.,1746677952794780117,,buildyourwallet,en,,0,3,0,https://twitter.com/buildyourwallet/status/1746677952794780117,1699128542997438464,buildyourwallet
1746677864387494082,Sun Jan 14 23:37:09 +0000 2024,0,Bitcoin price dips post-ETF approval altcoins show resilience. ICP TIA MNT SEI eye potential uptrend. BTC struggles near $42K but $38K could attract long-term investors. ETF inflows may impact the crypto market. #Bitcoin #Altcoins,1746677864387494082,,,en,"New York, USA",0,1,0,https://twitter.com/BlockVoyagerAIO/status/1746677864387494082,1709199703051759616,BlockVoyagerAIO
1746677783189733384,Sun Jan 14 23:36:49 +0000 2024,1,So happy the #bitcoin price is going down #btc,1746677783189733384,,,en,,0,0,0,https://twitter.com/btcgroupreal/status/1746677783189733384,1695223471783972864,btcgroupreal
1746677675471630564,Sun Jan 14 23:36:24 +0000 2024,9,Unusual volume spotted on Binance $STX spot market. STX/USDT volume experienced a 1550.94% in the last 1 minute. Price: $1.600 Volume: $403.65k LearnMore: https://t.co/qhZiIRuvaD : @GeniiData #geniidata #crypto #bitcoin #trading #STX https://t.co/LQR5wDvTkU,1746677675471630564,https://pbs.twimg.com/media/GD1yFvRWQAAu51V.jpg,,en,,0,0,6,https://twitter.com/GeniiAlert/status/1746677675471630564,1645761822111436801,GeniiAlert
1746677660594385237,Sun Jan 14 23:36:20 +0000 2024,3,Unusual volume spotted on Binance $TRX spot market. TRX/USDT volume experienced a 1005.03% in the last 1 minute. Price: $0.11133 Volume: $418.72k LearnMore: https://t.co/qhZiIRuvaD : @GeniiData #geniidata #crypto #bitcoin #trading #TRX https://t.co/9SBydrsGmA,1746677660594385237,https://pbs.twimg.com/media/GD1yE4tXIAAtvUp.jpg,,en,,0,0,2,https://twitter.com/GeniiAlert/status/1746677660594385237,1645761822111436801,GeniiAlert
1746677271623069826,Sun Jan 14 23:34:47 +0000 2024,0,ALTCOIN NEWS: Bitcoin price crumbles after spot ETF approval but ICP TIA MNT SEI and altcoins rebound | Tom Neway https://t.co/xduC2oku0Z,1746677271623069826,,,en,"New York, USA",0,0,0,https://twitter.com/Tom_Neway/status/1746677271623069826,1496983004467675140,Tom_Neway
1746676939333435692,Sun Jan 14 23:33:28 +0000 2024,0,Bitcoin price crumbles after spot ETF approval but ICP TIA MNT SEI and altcoins rebound #bitcoin #BTC #internet-computer #ICP #celestia #TIA #mantle #MNT #sei-network #SEI #tafouio #cryptonews https://t.co/axHRhuzwY8,1746676939333435692,https://pbs.twimg.com/media/GD1xayxXMAAe1zC.jpg,,en,,0,1,0,https://twitter.com/tafouio/status/1746676939333435692,1686346483291820032,tafouio
1746676906492375204,Sun Jan 14 23:33:20 +0000 2024,3,I believe this coming 2 weeks are the darkest weeks of Bitcoin this year due to GBTC sell off. I won t be buying until I see the sell off cool down (think it will be done nearly the end of the month with BTC price of 28k-35k) #Bitcoin,1746676906492375204,,,en,United States,0,2,0,https://twitter.com/WinnyLin9/status/1746676906492375204,190658895,WinnyLin9
1746676636462764145,Sun Jan 14 23:32:16 +0000 2024,0,Why were the $10K Bears wrong? Because the fundamentals caught up with the #Bitcoin price. Being bearish after BlackRock ETF announcement is pure insanity. Also was $15K not good enough? It HAD to be $10K? Common man.,1746676636462764145,,,en,h+x,0,0,0,https://twitter.com/KevinSvensonx/status/1746676636462764145,1186752480,KevinSvensonx
1746676607182418302,Sun Jan 14 23:32:09 +0000 2024,0,JUST IN: Bitcoin price crumbles after spot ETF approval but ICP TIA MNT SEI and altcoins rebound #BlackRock #SEC https://t.co/mcFRptwzkB,1746676607182418302,,,en,,0,0,0,https://twitter.com/DailyCryptoReal/status/1746676607182418302,1731680984767021056,DailyCryptoReal
1746676427431285058,Sun Jan 14 23:31:26 +0000 2024,12,#Bitcoin price crumbles after spot #ETF approval but ICP #TIA MNT SEI and #altcoins rebound $TIA $BTC https://t.co/v0bMKBpDro,1746676427431285058,,,en,Worldwide,0,1,7,https://twitter.com/EverytngCrypto/status/1746676427431285058,2201243706,EverytngCrypto
1746676072744104354,Sun Jan 14 23:30:02 +0000 2024,0,Current Bitcoin Price: USD $42 111.7 GBP ¬£33 033.2 Euro ‚Ç¨38 458.7 #bitcoin #btc $btc #btcusd #btcgbp #btceur #crypto #cryptocurrency,1746676072744104354,,,en,Everywhere,0,0,0,https://twitter.com/BitconBot/status/1746676072744104354,1349533110606716930,BitconBot
1738140931105448136,Sun Jan 14 23:29:40 +0000 2024,0,@xpet_tech @okxweb3 xpet bitcoin is good price buy,1746675980834591010,,xpet_tech,en,Global,0,0,0,https://twitter.com/x2009crypto/status/1746675980834591010,4614318034,x2009crypto
1746675791688016328,Sun Jan 14 23:28:55 +0000 2024,0,Invest in Bitcoin: Before It Skyrockets by 1 000% https://t.co/JOrlEx0aey #BitcoinHalving #Bitcoinprice #Blockchain #Cryptocurrency #CryptocurrencyMarket #ETFissuers #financialinstitutions #InstitutionalInvestors https://t.co/iBZZbiUaeT,1746675791688016328,https://pbs.twimg.com/media/GD1wVeaWUAASRl0.jpg,,en,Netherlands,0,0,0,https://twitter.com/BitcoInsiders_/status/1746675791688016328,1737091776849039360,BitcoInsiders_
1746675572334322123,Sun Jan 14 23:28:02 +0000 2024,0,Invest in Bitcoin: Before It Skyrockets by 1 000% https://t.co/JOrlEx0aey #BitcoinHalving #Bitcoinprice #Blockchain #Cryptocurrency #CryptocurrencyMarket #ETFissuers #financialinstitutions #InstitutionalInvestors,1746675572334322123,,,en,Netherlands,0,0,0,https://twitter.com/BitcoInsiders_/status/1746675572334322123,1737091776849039360,BitcoInsiders_
1746675553875239428,Sun Jan 14 23:27:58 +0000 2024,0,BREAKING: Bitcoin price crumbles after spot ETF approval but ICP TIA MNT SEI and altcoins rebound #Bitcoin #BTC $BTC,1746675553875239428,,,en,Free Daily Market Update üëâ,0,0,0,https://twitter.com/CryptoChiefNews/status/1746675553875239428,1587882728166490112,CryptoChiefNews
1746675377005600793,Sun Jan 14 23:27:16 +0000 2024,0,Bitcoin price crumbles after spot ETF approval but ICP TIA MNT SEI and altcoins rebound Tradingview #BTCUSD #BTCUSDT #ICPUSD #ICPUSDT https://t.co/aVNdov0VTr https://t.co/1oAD7UMyPy,1746675377005600793,https://pbs.twimg.com/media/GD1v925WsAA0ETT.png,,en,,0,0,0,https://twitter.com/CryptoBumblebe/status/1746675377005600793,1594906481501081601,CryptoBumblebe
1746354775115825646,Sun Jan 14 23:25:51 +0000 2024,0,@manuelacrdenas The decline in Bitcoin's price is attributed to the sales of the Grayscale Bitcoin Trust (GBTC) according to Julian Hosp CEO of Cake Group.,1746675019869008189,,manuelacrdenas,en,,0,0,0,https://twitter.com/StanleyLew13852/status/1746675019869008189,1728604080053051392,StanleyLew13852
1746674854810485129,Sun Jan 14 23:25:11 +0000 2024,0,Bitcoin price crumbles after spot ETF approval but ICP TIA MNT SEI and altcoins rebound https://t.co/OFv7kOXeoR #Markets #Bitcoin #InternetComputer #Celestia #Mantle,1746674854810485129,,,en,"Analog, Digital, Space",0,0,0,https://twitter.com/entrepreneur_cm/status/1746674854810485129,31471175,entrepreneur_cm
1746674849425355000,Sun Jan 14 23:25:10 +0000 2024,1,#Bitcoin HODL lers watching a new ETF investor try and hold as the price collapses #wallstreetbets $BTC $GBTC $BITB $DEFI $ARKB $BTCO $HODL $BTCW $FBTC $EZBC $IBIT $BRRR $SPY $QQQ $NVDA $NFLX $AMD $MARA $AAPL $HOOD $NIO $MSFT $SOFI $COIN $RIOT $AMC $PLTR $TSLA $GME $SNOW https://t.co/jF1EES5f1e,1746674849425355000,https://pbs.twimg.com/tweet_video_thumb/GD1vhBkboAAbIfm.jpg,,en,,0,1,1,https://twitter.com/radduder/status/1746674849425355000,378443650,radduder
1746674812611596562,Sun Jan 14 23:25:01 +0000 2024,46, Everyone gets Bitcoin at the price they deserve. I don't really like this sentence. I think a lot of people who don't pay attention to Bitcoin are deep in the daily grind or have big problems with the fiat system. These people deserve to get in at a favorable price. https://t.co/6n1q0rZkyY,1746674812611596562,https://pbs.twimg.com/media/GD1vfAwXEAEN-uy.jpg,,en,"Germany, Paraguay",2,9,8,https://twitter.com/Bitcoin_Teddy/status/1746674812611596562,1605310254085980161,Bitcoin_Teddy
1746674393479069935,Sun Jan 14 23:23:21 +0000 2024,0, SHORT: #BTCUSDT | $BTC | 15m The author advises short positions due to a predicted Bitcoin price drop. Ô∏è Safe Trades: https://t.co/wfDqnUHExV https://t.co/zwIkNotQN7,1746674393479069935,https://pbs.twimg.com/media/GD1vGSsWgAAq6fc.png,,en,"California, United States",0,0,0,https://twitter.com/best_analysts/status/1746674393479069935,766532656506953729,best_analysts
1746674362252476907,Sun Jan 14 23:23:14 +0000 2024,0,Bitcoin price crumbles after spot ETF approval but ICP TIA MNT SEI and altcoins rebound https://t.co/TO9LnHtkiz,1746674362252476907,,,en,"For now, Earth",0,3,0,https://twitter.com/johnmorganFL/status/1746674362252476907,2235329532,johnmorganFL
1746674357135691872,Sun Jan 14 23:23:13 +0000 2024,0,Bitcoin price crumbles after spot ETF approval but ICP TIA MNT SEI and altcoins rebound - Cointelegraph https://t.co/HUZsPuj0A2 Bet with $BTC via ‚ü∂ https://t.co/4h0cyuFPFk ‚àö https://t.co/lQ3Gonh1Z9,1746674357135691872,https://pbs.twimg.com/media/GD1vEn2bcAA5BeV.png,,en,NEXO PRO Margin Trading,0,0,0,https://twitter.com/CryptoTraderPro/status/1746674357135691872,15977038,CryptoTraderPro
1746674152319180801,Sun Jan 14 23:22:24 +0000 2024,0,The big boys wants to buy #Bitcoin at a cheap price,1746674152319180801,,,en,,0,0,0,https://twitter.com/cheepz7/status/1746674152319180801,1383052414178230279,cheepz7
1746674013588332806,Sun Jan 14 23:21:51 +0000 2024,0,#Bitcoin - Halving Cycle Profit https://t.co/kO0dHnnMhw There are 2 things that happen in between every Halving. 1.) A bull market 2.) A bear market What if I told you price targets are bullshit. What if I told you ‚è∞ Time Targets are the key. https://t.co/ZXgkADYdW2,1746674013588332806,https://pbs.twimg.com/media/GD1uwPlWkAA7Ls-.jpg,,en,h+x,0,0,0,https://twitter.com/KevinSvensonx/status/1746674013588332806,1186752480,KevinSvensonx
1746673985742405800,Sun Jan 14 23:21:44 +0000 2024,0,After the successfully approval of 11 #Bitcoin $BTC ETFs financial institutions are beginning to file for #Ethereum $ETH ETFs. The final @SECGov deadline for the currently filed Ethereum ETFs starts around May. Investors and Analysts are predicting a price of $10 000 per coin. https://t.co/X3l7qibDDG,1746673985742405800,https://pbs.twimg.com/media/GD1uu3oWIAIkGiK.jpg,,en,"New York, NY",0,2,0,https://twitter.com/PKszczot/status/1746673985742405800,1108343656128434177,PKszczot
1746673826476536192,Sun Jan 14 23:21:06 +0000 2024,0,Bitcoin price crumbles after spot ETF approval but ICP TIA MNT SEI and altcoins rebound https://t.co/uFTRRaoXwy,1746673826476536192,,,en,,0,0,0,https://twitter.com/AlertTrade/status/1746673826476536192,121158213,AlertTrade
1746673744553054334,Sun Jan 14 23:20:46 +0000 2024,1,#Bitcoin ETFs begin trading Financial giants advertise #BTC Price dumps in first 48 hours Record volumes and what to expect moving forward Tune in to this week's update and and share and subscribe if you believe in Bitcoin or want to learn! https://t.co/WEaTUbKTSY https://t.co/9sDUqbEAtg,1746673744553054334,https://pbs.twimg.com/media/GD1siXmW8AAHTRA.jpg,,en,,1,1,0,https://twitter.com/WeeklyHodl/status/1746673744553054334,1439687354860589058,WeeklyHodl
1746673581055225980,Sun Jan 14 23:20:08 +0000 2024,0,BITCOIN PREDICTION RESULT Deal Close: 0.118 BTC for $42 009.97 Entry: BUY Entry Price: $42 511.09(61 min ago on Bybit) Amount: $5 016 Trade Profit: $-59.1 Daily : $-134(-2.7%) Monthly: $-359(-7.2%) #Bitcoin #BTC #Bybit https://t.co/xUd9PV8hCJ https://t.co/YmbTm612fO,1746673581055225980,https://pbs.twimg.com/media/GD1uXY3aIAAF_rq.png,,en,,0,0,0,https://twitter.com/cryptojohnsmith/status/1746673581055225980,1264448654212919296,cryptojohnsmith
1746673552596590843,Sun Jan 14 23:20:01 +0000 2024,0,Bitcoin price crumbles after spot ETF approval but ICP TIA MNT SEI and altcoins rebound - https://t.co/N5S8Rf9UbB,1746673552596590843,,,en,,0,0,0,https://twitter.com/iNewsBTC/status/1746673552596590843,1698630559,iNewsBTC
1746673521386786956,Sun Jan 14 23:19:53 +0000 2024,0, Buying BTC Entry Price: $42002.23 Not financial advice. #cryptonelly #bitcoin,1746673521386786956,,,en,,0,2,0,https://twitter.com/CryptoNellyAi/status/1746673521386786956,1701236188323917824,CryptoNellyAi
1746673342361612741,Sun Jan 14 23:19:11 +0000 2024,0,Bitcoin price crumbles after spot ETF approval but ICP TIA MNT SEI and altcoins rebound https://t.co/sB664qwJ9I https://t.co/7HuwxNLtAy,1746673342361612741,https://pbs.twimg.com/media/GD1uJiaawAAYQ3K.jpg,,en,"Rome, Lazio",0,0,0,https://twitter.com/blockchainitaly/status/1746673342361612741,901855845390008320,blockchainitaly
1746673340314755394,Sun Jan 14 23:19:10 +0000 2024,0,#Markets #Bitcoin #InternetComputer #Celestia Bitcoin price crumbles after spot ETF approval but ICP TIA MNT SEI and altcoins rebound https://t.co/OzxPRLzuMk,1746673340314755394,,,en,,0,0,0,https://twitter.com/CryptoFabriek/status/1746673340314755394,1461312726542733313,CryptoFabriek
1746673075197030440,Sun Jan 14 23:18:07 +0000 2024,0,Bitcoin price crumbles after spot ETF approval but ICP TIA MNT SEI and altcoins rebound https://t.co/xV1N1vkWXG https://t.co/gETgWYyesw,1746673075197030440,https://pbs.twimg.com/media/GD1t5_PakAAqhYP.jpg,,en,United States,0,0,0,https://twitter.com/nftoftendotcom/status/1746673075197030440,3355738043,nftoftendotcom
1746672815791567339,Sun Jan 14 23:17:05 +0000 2024,0,[COINTELEGRAPH] Bitcoin price crumbles after spot ETF approval but ICP TIA MNT SEI and altcoins rebound https://t.co/efebvwZLTu,1746672815791567339,,,en,,0,0,0,https://twitter.com/PhoenixNews_io/status/1746672815791567339,1668448301425803264,PhoenixNews_io
1746672804525735968,Sun Jan 14 23:17:02 +0000 2024,3, They'll own at the price the deserve This is one of those cult saying that TRULY makes my skin crawl. It reminds me of fundamentalists who promise hellfire &amp; brimstone if you don't adhere to their *one* *true* *religion* #Bitcoin #ItsACult,1746672804525735968,,,en,"Navarro County, Texas",0,1,0,https://twitter.com/CCofNavarro/status/1746672804525735968,1521940611427074048,CCofNavarro
1746397658778931367,Sun Jan 14 23:15:36 +0000 2024,0,@TheBTCTherapist #Bitcoin ain t 10x ing from its current price over the next few years ..,1746672442280738997,,TheBTCTherapist,en,#ShibVerse,0,0,0,https://twitter.com/cryptovilian/status/1746672442280738997,1310809647742296064,cryptovilian
1746672345870168463,Sun Jan 14 23:15:13 +0000 2024,0,Pair: BTCUSDT Pos: Short Closed Prctg.: %1.0958 Profit: 460.69 Curr Price: 42041.315 Prev Price: 42502.005 Algo: Take Profit Time: 1/14/2024 11:15:01 PM UTC Version: 81.0 #Automated #Algorithmic #Bitcoin #TradingBot #CryptoBot #CryptoSignals,1746672345870168463,,,en,"Istanbul, Turkey",0,0,0,https://twitter.com/TujuBot/status/1746672345870168463,1031434542308118528,TujuBot
1746672292262744072,Sun Jan 14 23:15:00 +0000 2024,2,#Bitcoin ST price move potentials wrt network &amp; liquidity #Statistics is still bearish. Fit with multivariate #regression #Macro https://t.co/2YFZzCH8B5,1746672292262744072,https://pbs.twimg.com/media/GD1tAgZWQAEkVY7.jpg,,en,,1,1,1,https://twitter.com/B4sti0n/status/1746672292262744072,1537044844589228032,B4sti0n
1746672156014952859,Sun Jan 14 23:14:28 +0000 2024,4,$36 500 Price Target #Bitcoin https://t.co/OzHPjScpwL,1746672156014952859,https://pbs.twimg.com/media/GD1tDYPWwAApajF.jpg,,en,Otherside #1844,0,0,0,https://twitter.com/aspenshredder/status/1746672156014952859,1734952069394558976,aspenshredder
1746214991358021888,Sun Jan 14 23:14:02 +0000 2024,1,@hangict2022 Bitcoin's price has fallen to its lowest level in 2024 reaching $42 825. This drop occurs as Bitcoin's acceptance as a mainstream currency is being questioned by its leadership. Additionally there is competition among spot bitcoin ETF issuers mainly focusing on fee structures.,1746672049144123898,,hangict2022,en,,0,1,0,https://twitter.com/StanleyLew13852/status/1746672049144123898,1728604080053051392,StanleyLew13852
1746643607787069569,Sun Jan 14 23:12:50 +0000 2024,0,@SlyGoomba @AriZonanHODL Capital gains on bitcoin sale so not worth it if u sell when BTC fiat price is down,1746671744184963090,,SlyGoomba,en,,0,0,0,https://twitter.com/blkgeekrdr/status/1746671744184963090,757108621645746176,blkgeekrdr
1746671733971575230,Sun Jan 14 23:12:47 +0000 2024,0,$BTC Price: $42 099 #Bitcoin #BTC #BitcoinPrice #Crypto #blockchain #cryptocurrency https://t.co/nPSLO6xu3T,1746671733971575230,https://pbs.twimg.com/media/GD1sr3MW8AAo_ia.jpg,,en,Moon,0,1,0,https://twitter.com/KingBtcTracker/status/1746671733971575230,1737640469050404864,KingBtcTracker
1746671714971361567,Sun Jan 14 23:12:43 +0000 2024,8, CallBot Performance vs. Bitcoin Price (July 27th - today) Unfurl the sails Ô∏è: Set voyage with CallBot and Bitcoin across fiscal seas ! #binance #base #blockchain #sol #trade #ETC https://t.co/v2O3tLUi9X,1746671714971361567,https://pbs.twimg.com/media/GD1squnWIAAdcy_.jpg,,en,,0,0,8,https://twitter.com/CallBotCrypto/status/1746671714971361567,1506427976912719873,CallBotCrypto
1746671700219949229,Sun Jan 14 23:12:39 +0000 2024,0,#Bitcoin Price: $42 000 https://t.co/vsTBb5RFea,1746671700219949229,https://pbs.twimg.com/media/GD1sp7zXAAErVQ9.jpg,,en,,0,0,0,https://twitter.com/Price/status/1746671700219949229,1590755045057912842,Price
1746671612697416087,Sun Jan 14 23:12:18 +0000 2024,0,Everyday I see Bearish #BTC predictions. Everyday the #Bitcoin price keeps going up. The denial is real ,1746671612697416087,,,en,h+x,0,3,0,https://twitter.com/KevinSvensonx/status/1746671612697416087,1186752480,KevinSvensonx
1746671357696561589,Sun Jan 14 23:11:17 +0000 2024,0,The #Bitcoin price is $26 915 below its ATH. $BTC #crypto https://t.co/j10is8Vap8,1746671357696561589,https://pbs.twimg.com/media/GD1sV_8bQAA1qJB.jpg,,en,,0,0,0,https://twitter.com/HunterAth39251/status/1746671357696561589,1742951435187183616,HunterAth39251
1746671216176369829,Sun Jan 14 23:10:44 +0000 2024,0,Bitcoin's supply shock could lead to a surge in price to $1 million in days/weeks Ô∏è Experts predict institutional demand exceeding supply could make Bitcoin scarcer than ever #Bitcoin #supplyshock #priceprediction #cryptocurrency https://t.co/nXDN6KVn94,1746671216176369829,,,en,,0,0,0,https://twitter.com/BitcoinCables/status/1746671216176369829,1720695072629399552,BitcoinCables
1746671162631844167,Sun Jan 14 23:10:31 +0000 2024,0,#Bitcoin Fear and Greed index Current #BTC price is 42206 $ #Crypto #FearAndGreed (6/14) 515093 https://t.co/ogRCjtBJBh,1746671162631844167,https://pbs.twimg.com/media/GD1sKqtW0AAg0cB.png,,en,Paris,0,0,0,https://twitter.com/LivePriceCrypto/status/1746671162631844167,1501922448324927500,LivePriceCrypto
1746666341711380616,Sun Jan 14 23:10:28 +0000 2024,1,@SimplyBitcoinTV @BlackRock @FoxBusiness @Excellion @adam3us @WalkerAmerica @saylor @maxkeiser @stacyherbert @Sooly_Kobayashi @LynAldenContact If this much money has flowed in just two days it's exciting to think about the future. Since the amount of #Bitcoin in circulation is limited and decreasing the only thing left is for the price to rise.,1746671150095274294,,SimplyBitcoinTV,en,Melbourne,0,0,0,https://twitter.com/radier7/status/1746671150095274294,128516346,radier7
1745860633021620274,Sun Jan 14 23:10:08 +0000 2024,0,@Coredao_Org It would be nice if Bitcoin and Hash were combined but if the coin price didn't form it would eventually all go out. What's Core's plan?,1746671067140407779,,Coredao_Org,en,,0,0,0,https://twitter.com/sonofking001/status/1746671067140407779,1459388289279205376,sonofking001
1746196708214579586,Sun Jan 14 23:09:11 +0000 2024,1,@stupidbusy @findgg33 When people said Bitcoin and Ethereum I got Polka and Link. Swung those now waiting to renter at a low price.,1746670827549196319,,stupidbusy,en,,0,0,0,https://twitter.com/EmanKnows23/status/1746670827549196319,1512287011788374021,EmanKnows23
1746363720052211794,Sun Jan 14 23:08:07 +0000 2024,0,@Coredao_Org It would be nice if Bitcoin and Hash were combined but if the coin price didn't form it would eventually all go out. What's Core's plan?,1746670557339496840,,Coredao_Org,en,,0,0,0,https://twitter.com/sonofking001/status/1746670557339496840,1459388289279205376,sonofking001
1746573244260311053,Sun Jan 14 23:08:03 +0000 2024,0,@Ashcryptoreal @CFTC There is a Bitcoin ETF price manipulator here.,1746670543003107836,,Ashcryptoreal,en,"Virgo, Milkyway, Solar, Earth",0,0,0,https://twitter.com/logicialtrader/status/1746670543003107836,1610335530926964743,logicialtrader
1746463879821971678,Sun Jan 14 23:07:08 +0000 2024,0,@SusanettaB28485 The drop in Bitcoin price can be attributed to Grayscale Bitcoin Trust selling off BTC causing a decrease in market demand. This has led to a decline in revenue and is expected to continue.,1746670311574315240,,SusanettaB28485,en,,0,0,0,https://twitter.com/CryptoForBrave/status/1746670311574315240,560851094,CryptoForBrave
1601145193364803584,Sun Jan 14 23:07:01 +0000 2024,0, Bitcoin price BTC $42 180.62 -1.78% (1d),1746670281895104736,,wolfstreet007,en,Reality ,0,1,0,https://twitter.com/wolfstreet007/status/1746670281895104736,1457866683725582340,wolfstreet007
1746670008233595371,Sun Jan 14 23:05:56 +0000 2024,1, Big news for #Bitcoin traders! The 50-day SMA has been a key pivot point for $BTC's price action showing consistent patterns of 15-17% drops below and substantial returns of 35-82% above. With current price hovering will it break out or fall? Exciting times ahead! https://t.co/Txf6XGi1OJ,1746670008233595371,https://pbs.twimg.com/media/GD1rHeeXIAAx2_e.jpg,,en,Estados Unidos,0,1,0,https://twitter.com/AnalystCoinX/status/1746670008233595371,1637583671925383170,AnalystCoinX
1746669827232502111,Sun Jan 14 23:05:13 +0000 2024,4,$BTC As I pointed out a couple of days ago we were likely to find ourselves in this situation at weekly close. #Bitcoin is showing weakness into the end of the close and is testing whether that $42K support holds or not. It is no coincidence that we find price right at this ,1746669827232502111,,,en,,0,2,1,https://twitter.com/AskTylerDexter/status/1746669827232502111,1146793046,AskTylerDexter
1746669760815997220,Sun Jan 14 23:04:57 +0000 2024,0,Bitcoin price falls 1.70% overnight published 01/14/2024 #Bitcoin #CryptoCurrency #Capital https://t.co/n3jyxiPIbE,1746669760815997220,,,en,"Perth, Western Australia",0,0,0,https://twitter.com/ASXonGrafa/status/1746669760815997220,1079648037914345472,ASXonGrafa
1746264323599794311,Sun Jan 14 23:04:49 +0000 2024,0,@digitsu So you believe the price of Bitcoin has been manipulated by some all powerful god king somewhere to fit the technical charts? ,1746669729119375542,,digitsu,en,United States,0,0,0,https://twitter.com/yoderpaul/status/1746669729119375542,2431310516,yoderpaul
1746587473864491396,Sun Jan 14 23:04:25 +0000 2024,1,@GraphFinancials @VandelayBTC @flatheadpleb @DylanLeClair_ @SamanthaLaDuc Because Bitcoin is the largest most secure permissionless economic asset anyone can participate with it will be globally adopted (no permission required to enter) and it trades 24/7. It will consume all markets. The final settler of price. Enjoy missing out.,1746669628082843757,,GraphFinancials,en,,0,1,0,https://twitter.com/MandleHu/status/1746669628082843757,1514004221112242178,MandleHu
1746669229934301672,Sun Jan 14 23:02:50 +0000 2024,0,üáßüá¥The Wewecoin #WEWE Game is officially open! Contract: 0x10412dbac4ba7c1afe2f019ebcce554c6bc547df Website: https://t.co/kntLM06B47 Telegram: https://t.co/FSVEGFgZPZ koakoo #crypto #BitcoinEFT #Newlisting #investors #nyse #LayerZero #bitcoinprice #cryptography https://t.co/UwbE48vJbf,1746669229934301672,https://pbs.twimg.com/ext_tw_video_thumb/1746669169251143680/pu/img/7H4J5uc4N6nDkvQY.jpg,,en,Guatemala,0,0,0,https://twitter.com/ConsortiL8174/status/1746669229934301672,1671712175038296064,ConsortiL8174
1746669175156646197,Sun Jan 14 23:02:37 +0000 2024,0,BTC/USDT: $ 42 520.70 (-1.03% 24h) #BTC #Bitcoin #Cripto #Crypto #BitcoinPrice,1746669175156646197,,,in,,0,0,0,https://twitter.com/kryptonitian/status/1746669175156646197,1736415729551839232,kryptonitian
1746669132492222608,Sun Jan 14 23:02:27 +0000 2024,11,JUST IN from the #GRINCHNEWSNETWORK The Bitcoin Fear and Greed Index is 60 Current price: $42 345 Follow GNN where #GRINCH is the trend! $XRP #BTC #ETH #Altseason https://t.co/1QkSqy5hQv,1746669132492222608,https://pbs.twimg.com/media/GD1qUg-WsAEqJuk.jpg,,en,,0,2,8,https://twitter.com/utility_is_king/status/1746669132492222608,788128679117357056,utility_is_king
1746587473864491396,Sun Jan 14 23:02:14 +0000 2024,0,@mhartl @flatheadpleb @VandelayBTC @DylanLeClair_ @SamanthaLaDuc Thing is that many many of those are created in some server. Including Dogwifhat. You give those attributes and you claim it's money. It will be money ONLY when it enters circulation. Adn today there is no ZERO circulation of #Bitcoin but way too little to justify the price.,1746669079690117243,,mhartl,en, New York - Rio de Janeiro,0,1,0,https://twitter.com/GraphFinancials/status/1746669079690117243,3427859805,GraphFinancials
1746668828237709576,Sun Jan 14 23:01:14 +0000 2024,0,#BTC Price: $42291.08 USD is down -0.58% in the past 2 hours. Follow @bitcoinbullbot for #crypto updates and breaking news @bitcoin https://t.co/mdMHS5RxEb,1746668828237709576,https://pbs.twimg.com/media/GD1qCvNbkAE-nqC.jpg,,en,,0,0,0,https://twitter.com/bitcoinbullbot/status/1746668828237709576,1726108952578985984,bitcoinbullbot
1746668801754620233,Sun Jan 14 23:01:08 +0000 2024,0,#Bitcoin price is on a sandwich not sorry PetRock ETF not taking my corn I will take theirs One step closer to validate Sebas W3 Gazillions BONANZA Tiny Tops are PSYOPS 61 is my cat¬¥s un-favorite number https://t.co/P0tPq4pYHv,1746668801754620233,https://pbs.twimg.com/media/GD1odNVWwAEj-A_.jpg,,en,Mexico,0,0,0,https://twitter.com/stamatiosebas/status/1746668801754620233,19398617,stamatiosebas
1746668778891420115,Sun Jan 14 23:01:03 +0000 2024,0, Crypto News This Solana (SOL) Rival token is ready to pump 50x in 2024 currently at a cheap price of only $0.07 Category: Press Releases #bitcoin,1746668778891420115,,,en,Espa√±a,0,0,0,https://twitter.com/AICryptoNewsNow/status/1746668778891420115,1529873330152648707,AICryptoNewsNow
1746668768208597332,Sun Jan 14 23:01:00 +0000 2024,26,Ethereum Fear and Greed Index is 63 Greed Current price: $2 508 ... https://t.co/JJEnn5hK54,1746668768208597332,https://pbs.twimg.com/media/GD1p6hzWQAA8TeN.jpg,,en,"New York, USA",0,10,11,https://twitter.com/bitcoin_scoop/status/1746668768208597332,2806482575,bitcoin_scoop
1746668590072304006,Sun Jan 14 23:00:18 +0000 2024,23,There is signal out there amongst the bullshit anon.... You just have to find it The people truly advancing the #bitcoin revolution are everywhere but they aren't making price predictions and they aren't analysing 'net flows' of ETFs They do actual work....,1746668590072304006,,,en,Scotland,0,1,1,https://twitter.com/RMessitt/status/1746668590072304006,628506695,RMessitt
1746668534053118268,Sun Jan 14 23:00:04 +0000 2024,6,$BTC Price: $42 297 #Bitcoin #BTC #BitcoinPrice #Crypto #blockchain #cryptocurrency https://t.co/wLlMnFEfxd,1746668534053118268,https://pbs.twimg.com/media/GD1pxZmXgAAdBwB.jpg,,en,,0,0,7,https://twitter.com/BTCPriceUpdate/status/1746668534053118268,1509965496900530177,BTCPriceUpdate
1746668526314606710,Sun Jan 14 23:00:02 +0000 2024,0,Current Bitcoin Price: USD $42 328.7 GBP ¬£33 202.8 Euro ‚Ç¨38 640.9 #bitcoin #btc $btc #btcusd #btcgbp #btceur #crypto #cryptocurrency,1746668526314606710,,,en,Everywhere,0,0,0,https://twitter.com/BitconBot/status/1746668526314606710,1349533110606716930,BitconBot
1746668519847079950,Sun Jan 14 23:00:01 +0000 2024,0,The price of Spaghetti alla Carbonara is 26 018 Satoshis or 0.00026018 BTC 1 BTC = 42 239.70 USD 1 USD = 2 367 Sat on Sunday 14 January 2024 06:00 PM EST #bitcoin #CarbonaraIndex,1746668519847079950,,,en,,0,0,0,https://twitter.com/CarbonaraIndex/status/1746668519847079950,1442276280641064965,CarbonaraIndex
1746668446077571123,Sun Jan 14 22:59:43 +0000 2024,8, #Gateio ‚¨ÜÔ∏è Price Increase 1h $IOEN ‚ñ¥30% #IOEN $PSI ‚ñ¥15% #PSI $VLX ‚ñ¥12% #VLX $APP ‚ñ¥10% #APP $BYN ‚ñ¥9% #BYN ‚¨ÜÔ∏è Volume Surge 1h $IOEN ‚ñ¥30% #IOEN $NCT ‚ñ¥30% #NCT $XRD ‚ñ¥19% #XRD $DESO ‚ñ¥19% #DESO $NEXT ‚ñ¥17% #NEXT #Bitcoin #1000x #crypto https://t.co/cFXyluXYAz,1746668446077571123,https://pbs.twimg.com/media/GD1psMDXQAAnGXA.jpg,,en,Worldwide,0,0,6,https://twitter.com/CryptoTrackify/status/1746668446077571123,1692181282803879936,CryptoTrackify
1746668410564489401,Sun Jan 14 22:59:35 +0000 2024,4, #Kucoin ‚¨ÜÔ∏è Price Increase 1h $GTT ‚ñ¥14% #GTT $VLX ‚ñ¥14% #VLX $KLUB ‚ñ¥8% #KLUB $APP ‚ñ¥7% #APP $INFRA ‚ñ¥6% #INFRA ‚¨ÜÔ∏è Volume Surge 1h $APP ‚ñ¥32% #APP $EDU ‚ñ¥31% #EDU $VLX ‚ñ¥26% #VLX $EWT ‚ñ¥23% #EWT $PLU ‚ñ¥21% #PLU #Bitcoin #1000x #crypto https://t.co/dY8sPYNmFT,1746668410564489401,https://pbs.twimg.com/media/GD1pqDwXAAAlp_H.jpg,,en,Worldwide,0,0,7,https://twitter.com/CryptoTrackify/status/1746668410564489401,1692181282803879936,CryptoTrackify
1746668354331455656,Sun Jan 14 22:59:21 +0000 2024,2, Celebrate with us! Get a special airdrop for consistent wallet users with 10+ transactions. Access https://t.co/4meFR0YFsN Time's running out! #Cryptocom #buy #cryptotips2022 #ethereumtradingtrend #bitcoinprice #blockchainnewstrend #cryptos #shiba https://t.co/Tp6rfN8cW4,1746668354331455656,https://pbs.twimg.com/media/GD1pmICWcAAwQyM.jpg,,en,Saint Barthelemy,0,0,2,https://twitter.com/ChelseeTob1957/status/1746668354331455656,1708642241915604992,ChelseeTob1957
