"conversation_id_str","created_at","favorite_count","full_text","id_str","image_url","in_reply_to_screen_name","lang","location","quote_count","reply_count","retweet_count","tweet_url","user_id_str","username"
"1691238018697379840","Mon Aug 14 23:58:59 +0000 2023","0","Bitcoin price on the daily always within the Kumo cloud and close to the 50-day EMA. I would say strong indecision. Let's wait for a cloud break. #Bitcoin #tradingview #ema50 #kumo @Cointelegraph @ITCointelegraph https://t.co/YK5nWPwdtw","1691238018697379840","https://pbs.twimg.com/media/F3h7xvjWEAALjK2.jpg","","en","","0","1","0","https://twitter.com/x_marco91/status/1691238018697379840","1577436120891236352","x_marco91"
"1691237785301110784","Mon Aug 14 23:58:04 +0000 2023","0","I wonder if the girl that sang crypto boy will buy this cycle or wait a couple more. Everyone gets #bitcoin at the price they deserve.","1691237785301110784","","","en","Virginia, USA","0","3","0","https://twitter.com/MilgrimAdam/status/1691237785301110784","1319964554542125057","MilgrimAdam"
"1691237683811549184","Mon Aug 14 23:57:40 +0000 2023","0","The current global #crypto market cap is $1.17 Trillion #bitcoin dominance at 49.70% #btc price $29.4K","1691237683811549184","","","en","Brickell ","0","2","0","https://twitter.com/Crypto_Brickell/status/1691237683811549184","1462573620144840709","Crypto_Brickell"
"1691199857372073984","Mon Aug 14 23:54:20 +0000 2023","1","@Croesus_BTC they will OVER-price-in they will include - super cycle - hyperbitcoinization - aliens adopting #bitcoin","1691236846695772160","","Croesus_BTC","en","Singapore","0","1","0","https://twitter.com/btcMAXI_sg/status/1691236846695772160","1379650665731944451","btcMAXI_sg"
"1691233741228646400","Mon Aug 14 23:51:57 +0000 2023","3","@BitcoinNewsCom You mean people who are addicted to speculating on the price of Bitcoin right? Educate Onboard Entertain OXBTcommunity Twitter Space 8/20 2pm EST $BTC $OXBT #OXBTFam","1691236244708298752","","BitcoinNewsCom","en","Bay Area, California","0","0","0","https://twitter.com/alishoplounge/status/1691236244708298752","1535817556119785472","alishoplounge"
"1691236090475077632","Mon Aug 14 23:51:20 +0000 2023","0","The Crypto Market Sentiment is Back to Fear-Panic Sellers Dragging the Bitcoin (BTC) Price Lower! -","1691236090475077632","","","en","","0","2","0","https://twitter.com/0xkelham_sol/status/1691236090475077632","1206822361","0xkelham_sol"
"1691235791106904064","Mon Aug 14 23:50:08 +0000 2023","0","Discover my 24-hour #Bitcoin price forecast on the TFT Hunt App by clicking the link below! Ô∏è Comment below to tell me your $BTC prediction and join me to unlock new TFT Treasures! #Giveaway $BTCUSD https://t.co/1AIeLYG46n via @thefundedtrader","1691235791106904064","","","en","Hanoi, Vietnam","0","3","0","https://twitter.com/macquocphong/status/1691235791106904064","860977699","macquocphong"
"1691236028219101184","Mon Aug 14 23:51:05 +0000 2023","2","Advice time What if as a Bitcoin Maxi I would play the world s biggest sh_tcoin and follow @michaeljburry and buy S&amp;P Puts. Cash out when debt spiral blows and buy a shit ton of bitcoin (unfortunately probably at a lower price). As of now. I own 0 equities/bonds. Only https://t.co/HDTJXSvbH4","1691236028219101184","https://pbs.twimg.com/media/F3h6NFGX0AEoiQa.jpg","","en","Massachusetts, USA","0","6","2","https://twitter.com/BTC_MS_THRIVING/status/1691236028219101184","1287055236520185857","BTC_MS_THRIVING"
"1691235588983111680","Mon Aug 14 23:49:20 +0000 2023","2","Price analysis 8/14: SPX DXY #BTC #ETH BNB XRP ADA #DOGE SOL MATIC https://t.co/hUlyXp5GrC $BTC #bitcoin #ethereum #ether #dogecoin #cyptocurrency #crypto","1691235588983111680","","","tl","Atlanta, GA","0","6","0","https://twitter.com/desota/status/1691235588983111680","35550239","desota"
"1691233575616811008","Mon Aug 14 23:41:20 +0000 2023","0","Bitcoin Price Backed By Slim $40 Million Bid Pool But For How Long? https://t.co/HThY70WBo3","1691233575616811008","","","en","india","0","0","0","https://twitter.com/gigs_money/status/1691233575616811008","1661386836898463744","gigs_money"
"1691221440119361536","Mon Aug 14 23:40:43 +0000 2023","1","@NEEDcreations There will be price action tomorrow; buyers and sellers will be exchanging bitcoin. It is inevitable.","1691233417784872961","","selfhashualize","en","","0","0","0","https://twitter.com/selfhashualize/status/1691233417784872961","1352433967509737472","selfhashualize"
"1691232859090997248","Mon Aug 14 23:38:29 +0000 2023","1","Bitcoin Price Supported By Thin $40 Million Bid Pool But For How Long? https://t.co/fCyCxojj1t #Bitcoin #News #crypto #Bitcoin #BitcoinNews #bitcoinprice #BTCUSDT #news https://t.co/fCyCxojj1t","1691232859090997248","","","en","London, England","0","1","0","https://twitter.com/CryptoBreakNews/status/1691232859090997248","981624095610691584","CryptoBreakNews"
"1691232760386478080","Mon Aug 14 23:38:06 +0000 2023","1","Bitcoin Price Outlook for August https://t.co/lu9TLvWoNo #Bitcoin #Cryptocurrency #News #crypto #Analysis #Bitcoin #BTC #cryptocurrency #forecast #MarketUpdates #news #TechnicalAnalysis https://t.co/lu9TLvWoNo","1691232760386478080","","","en","London, England","0","2","0","https://twitter.com/CryptoBreakNews/status/1691232760386478080","981624095610691584","CryptoBreakNews"
"1691232584427352064","Mon Aug 14 23:37:24 +0000 2023","2","[AI] Bitcoin's price has been stagnant for weeks causing boredom in the crypto sphere. Will it finally break the $28k or $32k mark next week? Stay tuned as the rollercoaster ride continues! #Bitcoin #Crypto #PricePrediction","1691232584427352064","","","en","Metaverse","0","3","0","https://twitter.com/BashFunky/status/1691232584427352064","1481958026295013384","BashFunky"
"1691232564894175232","Mon Aug 14 23:37:19 +0000 2023","3","BTC price breakout by end of August? 5 things to know in Bitcoin this week #crypto #blockchain #btc #eth #digitalcurrency #cryptonews #coinlivespace #altcoins https://t.co/VQZfsqapbR","1691232564894175232","","","en","London","0","4","0","https://twitter.com/coinlivespace/status/1691232564894175232","1617864144581005312","coinlivespace"
"1691232249746984960","Mon Aug 14 23:36:04 +0000 2023","0","Bitcoin Price Outlook for August https://t.co/0sv8KI1K9M https://t.co/7IaTwtmEkX","1691232249746984960","https://pbs.twimg.com/media/F3h2xOEbsAcxc6Y.jpg","","en","","0","1","0","https://twitter.com/btc_time/status/1691232249746984960","940527061357285376","btc_time"
"1691232179458609152","Mon Aug 14 23:35:47 +0000 2023","2"," FREE MINT Illuminati Pass Last 30m mints: 552 Unique minters: 50 Mint price: Œû0.0000 Floor price: Œû0.0000 30m trade volume: Œû0.000 View &amp; Mint at https://t.co/sLt12Ztyjq #nft #nftdiscordgiveaway #nftdotto #nftorientedex #nftopensea #Bitcoin https://t.co/CJAbojp9hm","1691232179458609152","https://pbs.twimg.com/media/F3h2tFNXsAA-BBj.jpg","","sl","","0","2","0","https://twitter.com/NFT_Rai/status/1691232179458609152","1527873499095781376","NFT_Rai"
"1691232007081074688","Mon Aug 14 23:35:06 +0000 2023","1"," Hot Trending HarryPotterObamaSonic10Inu (ETH) $BITCOIN Price: $0.159 Ô∏è 24h change: +37.04% 24h high: $0.163 24h low: $0.113 View in the app: https://t.co/HkCd4FxLxa #HarryPotterObamaSonic10Inu(ETH) #BITCOIN https://t.co/gtQdOocmW7","1691232007081074688","https://pbs.twimg.com/media/F3h2jBkXwAE23ci.jpg","","en","","0","1","0","https://twitter.com/hawkApp_/status/1691232007081074688","1543100540174815232","hawkApp_"
"1691231435297107969","Mon Aug 14 23:32:50 +0000 2023","0","As the new week begins Bitcoin (BTC) is painting a classic August picture - no volatility in sight. BTC price action has continued its quietest trend ever with the largest cryptocurrency remaining locked in a narrow trading range below $30 000","1691231435297107969","","","en","Australia/USA","0","1","0","https://twitter.com/Heptaceous1495/status/1691231435297107969","241732195","Heptaceous1495"
"1691184125430972416","Mon Aug 14 23:30:32 +0000 2023","0","@DylanLeClair_ This news is clear market manipulation! The news was meant to push the Bitcoin price down. I'll toast with Dom Perignon when the f cker bites the dust.","1691230856726151168","","DylanLeClair_","en","Where the Sun sets.","0","0","0","https://twitter.com/CryptoAssets00/status/1691230856726151168","1477265924990414848","CryptoAssets00"
"1691230442232377344","Mon Aug 14 23:28:53 +0000 2023","1","Unusual volume spotted on Binance $RUNE spot market. RUNE/USDT volume experienced a 507.94% in the last 1 minute. Price: $1.447 Volume: $323.40k LearnMore: https://t.co/qhZiIRuvaD : @GeniiData #geniidata #crypto #bitcoin #trading #RUNE https://t.co/DZjbC3qal9","1691230442232377344","https://pbs.twimg.com/media/F3h1H-dXMAAmboa.jpg","","en","","0","2","0","https://twitter.com/GeniiAlert/status/1691230442232377344","1645761822111436801","GeniiAlert"
"1691230212544245760","Mon Aug 14 23:27:58 +0000 2023","0","Billionaire Investor Predicts Bitcoin Price!! 6 figures BTC date Reveled! https://t.co/1JPyGkQvqZ via @YouTube","1691230212544245760","","","en","California, USA","0","1","0","https://twitter.com/AlphaPointScott/status/1691230212544245760","2343986347","AlphaPointScott"
"1691229737782513665","Mon Aug 14 23:26:05 +0000 2023","0","Bitcoin Price Supported By Thin $40 Million Bid Pool But For How Long? https://t.co/fr3kJ5O3F6","1691229737782513665","","","en","Wisconsin, United States","0","0","0","https://twitter.com/riclopez1812/status/1691229737782513665","1235342974088859649","riclopez1812"
"1691229059148025856","Mon Aug 14 23:23:23 +0000 2023","1","When asked I informed my colleagues that I no longer hold any #Bitcoin. I shared with them that I sold my coins when the price reached $15 000 and was happy to exit the market. https://t.co/O8kGwXWuPC","1691229059148025856","https://pbs.twimg.com/media/F3hyabMWYAAlC1X.png","","en","","0","0","0","https://twitter.com/BigMoneyBitcoin/status/1691229059148025856","1263216893151895553","BigMoneyBitcoin"
"1691228846295855104","Mon Aug 14 23:22:33 +0000 2023","2","Decoding #Bitcoin s Flat Pulse ‚Äç Today we delve deep into the serene waters of Bitcoin's current market dynamics. Historically celebrated for its exhilarating price shifts Bitcoin in an unforeseen twist seems to be embracing a phase of stability. With core volatility https://t.co/EpJFJk0bYr","1691228846295855104","https://pbs.twimg.com/media/F3hzTdWakAArK3y.jpg","","en","Brisbane & Melbourne","0","1","0","https://twitter.com/AinslieBullion/status/1691228846295855104","362222171","AinslieBullion"
"1691227938069348352","Mon Aug 14 23:18:56 +0000 2023","2","the CEX 1s chopscalpers will all buy the peoples bitcoin harrypotterobamasonic10inu coin ticket bitcoin at the price they deserve","1691227938069348352","","","en","Web4","0","1","0","https://twitter.com/0xdejitaru/status/1691227938069348352","1462571404734390272","0xdejitaru"
"1691227724990623746","Mon Aug 14 23:18:05 +0000 2023","1","$BTC A big chance in a million! Price: \4476007.0 (2023/08/15 08:16) #Bitcoin #FX #BTC #crypto","1691227724990623746","","","en","","0","1","0","https://twitter.com/bitoco_in/status/1691227724990623746","1177988321168871424","bitoco_in"
"1691227606371258368","Mon Aug 14 23:17:37 +0000 2023","172","Bought a bag of HarryPotterTrumpHomerSimpson777Inu $ETHEREUM Following the HPOS10 meta this is already running hard with good price action aped a bag because I see many bitcoin mega whales in. Look at the pic below to see lol https://t.co/Z6oiG6HwlO TG: https://t.co/U9Mfw48SgV","1691227606371258368","https://pbs.twimg.com/media/F3hyi3HW0AIsv-h.jpg","","en","","0","9","29","https://twitter.com/PlugAstro/status/1691227606371258368","1200389096067211264","PlugAstro"
"1691227363323854848","Mon Aug 14 23:16:39 +0000 2023","0","Bitcoin price is 29 408 USD.","1691227363323854848","","","en","","0","0","0","https://twitter.com/bitcoinpriceis/status/1691227363323854848","1677482590163312640","bitcoinpriceis"
"1691146978145480705","Mon Aug 14 23:13:21 +0000 2023","1","@saylor Plot twist bitcoin goes legal it gets it s real price and is over valued","1691226532013109248","","saylor","en","","0","0","0","https://twitter.com/2Hunnbandz/status/1691226532013109248","1428758490055462917","2Hunnbandz"
"1691203039267311616","Mon Aug 14 23:11:57 +0000 2023","0","@BitcoinNewsCom Bitcoin distribution over time has/will become less concentrated as whales are incentivized to sell as price grinds higher. Fiat becomes more concentrated as the currency becomes weaker. Patience. Stack sats","1691226180844658688","","BitcoinNewsCom","en","MIDWEST US","0","0","0","https://twitter.com/BethGreenberet/status/1691226180844658688","1649425376114876422","BethGreenberet"
"1691226054663233536","Mon Aug 14 23:11:27 +0000 2023","0","Bitcoin Price Supported By Thin $40 Million Bid Pool But For How Long? https://t.co/ECqWbRraai #bitcoin #BTC #tafouio #cryptonews https://t.co/XLqCJVKSjH","1691226054663233536","https://pbs.twimg.com/media/F3hxIkWXcAA2OeS.jpg","","en","","0","0","0","https://twitter.com/tafouio/status/1691226054663233536","1686346483291820032","tafouio"
"1691225451270975488","Mon Aug 14 23:09:03 +0000 2023","0","Bitcoin Price Prediction as BTC Spikes Up 1.5% Where is BTC Heading Now? #stablecoin https://t.co/pDFV3ErGUM","1691225451270975488","","","en","Nederland","0","1","0","https://twitter.com/decryptosector/status/1691225451270975488","232876465","decryptosector"
"1691225437752455168","Mon Aug 14 23:09:00 +0000 2023","0","Bitcoin Price Supported By Thin $40 Million Bid Pool But For How Long? via @newsbtc https://t.co/6RFg85zY24","1691225437752455168","","","en","","0","0","0","https://twitter.com/SmallCaps101/status/1691225437752455168","1326670252172775424","SmallCaps101"
"1691225204142358528","Mon Aug 14 23:08:04 +0000 2023","0","#Bitcoin Price in last 3 hours: +0.21% change Resistance around $29 500 Support around $29 400 Last $BTC Price: $29 430 Follow real-time price &amp; news: https://t.co/tuoG8jDx54 #bitcoinprice https://t.co/1lj1CnsmzI","1691225204142358528","https://pbs.twimg.com/media/F3hwXDMWEAA5M3I.jpg","","en","","0","2","0","https://twitter.com/BitcoinpriceL/status/1691225204142358528","1428062645165363205","BitcoinpriceL"
"1691224737522102272","Mon Aug 14 23:06:13 +0000 2023","0","Bitcoin Price Supported By Thin $40 Million Bid Pool But For How Long? https://t.co/uBFrbSf8Qq","1691224737522102272","","","en","Almeria","0","1","0","https://twitter.com/CryptoJoseJM/status/1691224737522102272","270618816","CryptoJoseJM"
"1691223520712568832","Mon Aug 14 23:01:23 +0000 2023","0","Bitcoin Price Supported By Thin $40 Million Bid Pool But For How Long? - https://t.co/MinmDGNMJb","1691223520712568832","","","en","Bitmap Valley","0","0","0","https://twitter.com/JohnTheCollectr/status/1691223520712568832","1450824144908652551","JohnTheCollectr"
"1691223475376263169","Mon Aug 14 23:01:12 +0000 2023","0","$BTCUSD ‚Äï Bitcoin Price Needs To Clear $30K For Hopes of a Fresh Rally - CoinChapter https://t.co/TJg72sXZh2 https://t.co/o3lDxK1Fb3","1691223475376263169","https://pbs.twimg.com/media/F3huyeEbsAQEvxA.jpg","","en","NEXO PRO Margin Trading","0","1","0","https://twitter.com/CryptoTraderPro/status/1691223475376263169","15977038","CryptoTraderPro"
"1691223386570014722","Mon Aug 14 23:00:51 +0000 2023","11","Red day for #BTC miners took the opportunity to add more $CLSK and $IREN. Feeling both are undervalued relative to price and more fully loaded my positions leading into the #Bitcoin halving. Already full-size $HUT $MARA positions. This sector next 12-18 mos ","1691223386570014722","","","en","Lake Mary, FL","0","3","2","https://twitter.com/Charge_Stack/status/1691223386570014722","1347894969911173122","Charge_Stack"
"1691223194819039232","Mon Aug 14 23:00:05 +0000 2023","0"," Rising Gems in the last 8 hours: 1. $CHAT - ChatCoin 2. $BNANA - Chimpion 3. $TORN - Tornado Cash #Bitcoin price change in the last 8 hours: -0.33% $BTC volume change in the last 8 hours: 17.22% #crypto ","1691223194819039232","","","en","Behind you! üó°Ô∏è","0","2","0","https://twitter.com/BlossomChief/status/1691223194819039232","1507766365121298432","BlossomChief"
"1691222463366205443","Mon Aug 14 22:57:11 +0000 2023","1","#Bitcoin is following Wyckoff's Price Cycle Ô∏è The Cycle consist's of several Distribution phase followed by Mark down &amp; ends with an accumulation phase. Looks like $BTC is currently in an accumulation phase with a Bear Trap RT APPRECIATED #Crypto #BTC https://t.co/Menjl7OHou","1691222463366205443","https://pbs.twimg.com/media/F3ht29hbsAIYWZc.jpg","","en","Moon","0","0","0","https://twitter.com/thescalpjngpro/status/1691222463366205443","297921547","thescalpjngpro"
"1691220729675886592","Mon Aug 14 22:50:17 +0000 2023","2","brypto bros in my timeline bullish on bitcoin even though its still trading at the same price it was back in april /cc @ramzataz","1691220729675886592","","","en","","1","3","0","https://twitter.com/onlylarp/status/1691220729675886592","1411617188272754698","onlylarp"
"1691220524800913410","Mon Aug 14 22:49:29 +0000 2023","4","The cost basis / realized price is one of the most widely used tools in #Bitcoin on-chain analysis. However there is no singular 'realized price'. It all depends which cross section of the market you refer to. Understanding this is when the real analysis magic happens.","1691220527107706884","","_Checkmatey_","en","UTXO","0","1","0","https://twitter.com/_Checkmatey_/status/1691220527107706884","951920334831173632","_Checkmatey_"
"1691115685785841665","Mon Aug 14 22:47:52 +0000 2023","1","@cryptorecruitr I believe WHALES ( JP MORGANS of the world) are controlling the price currently in order to try to control world markets. It's not going to work . Eventually. There is a limit on the number of available bitcoin and governments can't just print money.","1691220119266242567","","cryptorecruitr","en","Beach, Oregon","0","0","0","https://twitter.com/TimothyClark/status/1691220119266242567","18630905","TimothyClark"
"1691219299577266176","Mon Aug 14 22:44:37 +0000 2023","1","While the¬†exchange¬†rate¬†between¬†bitcoin¬†and¬†ether¬†has varied over time there¬†are three factors driving the¬†ether-bitcoin¬†price nexus says¬†CME¬†Group¬†Senior¬†Economist¬†Erik Norland. https://t.co/hCjpWMg5Tl","1691219299577266176","","","en","Chicago, IL","0","0","0","https://twitter.com/Open_Markets/status/1691219299577266176","482364710","Open_Markets"
"1691218930256224257","Mon Aug 14 22:43:08 +0000 2023","140","If all 735 billionaires in the U.S. üá∫üá∏decided to buy $100 million (10% of net worth) worth of #Bitcoin at a price of $30k per #BTC they would collectively purchase 2 450 000 Bitcoins. Imagine 20%? 50%? Organized Data: Bitcoin Price: $30 000 Amount to Buy per Billionaire: ","1691218930256224257","","","en","üá∫üá∏","2","18","24","https://twitter.com/MDBitcoin/status/1691218930256224257","992650901470044160","MDBitcoin"
"1691217635265122304","Mon Aug 14 22:38:00 +0000 2023","55","The @rationalroot has put together the #Bitcoin halving clock . The spiral represents the price the green dots represent the all time highs and the red dots represent the cycle lows. Notice a pattern? #BitcoinHalving https://t.co/SqUYE3eWtA","1691217635265122304","https://pbs.twimg.com/media/F3hAZHqXsAAG2hN.png","","en","NYC","2","14","20","https://twitter.com/BitcoinNewsCom/status/1691217635265122304","3005014565","BitcoinNewsCom"
"1691217621033574400","Mon Aug 14 22:37:56 +0000 2023","4","The profitability of #AMT depends on several variables such as: - Computational power used for mining - Price paid per token (AMT) - Price of #Bitcoin - Network mining difficulty rate - Operation costs mainly electricity Our current profitability is 8 913% per year in BTC. https://t.co/CbBj6h9yF5","1691217621033574400","https://pbs.twimg.com/media/F3hokWMXwAA76We.jpg","","en","","0","6","2","https://twitter.com/autominingtoken/status/1691217621033574400","1534537439053848578","autominingtoken"
"1691217600917684225","Mon Aug 14 22:37:52 +0000 2023","0"," ICYMI: Five days ago Fundstrat predicted that a Bitcoin ETF approval could drive price to $180 000 per coin! https://t.co/AnuIXqXY3a","1691217600917684225","https://pbs.twimg.com/media/F3hpceRWgAA0Ruz.jpg","","en","","0","0","0","https://twitter.com/CryptoCloud_k/status/1691217600917684225","1267388623420370944","CryptoCloud_k"
"1691217525101514753","Mon Aug 14 22:37:33 +0000 2023","2","MARKET: #Bitcoin Price Taps 4-Day High Near $29.6K Signaling Possible Volatility https://t.co/horCuYMQEV","1691217525101514753","","","en","Georgia, US","0","0","2","https://twitter.com/Nosis_official/status/1691217525101514753","1211345584793108480","Nosis_official"
"1691217270549417985","Mon Aug 14 22:36:33 +0000 2023","0","Chancer sells over 2 million tokens as Bitcoin s price stabilises https://t.co/zHEWgfV2cQ https://t.co/boYfDuiZA7","1691217270549417985","https://pbs.twimg.com/media/F3hpJVfbsAIEVZP.jpg","","en","","0","1","0","https://twitter.com/btc_time/status/1691217270549417985","940527061357285376","btc_time"
"1691217086163353600","Mon Aug 14 22:35:49 +0000 2023","0","Bitcoin Price Outlook for August https://t.co/WpF6Yn8XK7","1691217086163353600","","","en","For now, Earth","0","0","0","https://twitter.com/johnmorganFL/status/1691217086163353600","2235329532","johnmorganFL"
"1691216859905798144","Mon Aug 14 22:34:55 +0000 2023","0","Fear and Greed Index NEUTRAL 50 #bitcoin Price: $29 464 $BTC #Cryptos #cryptocurrency #BTCUSDT https://t.co/Ymab5xsPHf","1691216859905798144","https://pbs.twimg.com/media/F3hoxFZXMAE7wos.png","","en","","0","2","0","https://twitter.com/Dr_Moonshow/status/1691216859905798144","1374812047700017156","Dr_Moonshow"
"1691216561921470465","Mon Aug 14 22:33:44 +0000 2023","2"," CBBI: 40 #Bitcoin price: $29 464 Pi Cycle Top Indicator: 57% „Ä∞Ô∏èÔ∏è RUPL/NUPL Chart: 58% „Ä∞Ô∏èÔ∏è RHODL Ratio: 6% Puell Multiple: 87% 2 Year Moving Average: 48% Bitcoin Trolololo Trend Line: 19% MVRV Z-Score: 27% Reserve Risk: 18% Woobull: 37% üÜï #Crypto https://t.co/OIPZq17mO8","1691216561921470465","https://pbs.twimg.com/media/F3hofenXMAA5SF_.jpg","","en","","0","4","0","https://twitter.com/Dr_Moonshow/status/1691216561921470465","1374812047700017156","Dr_Moonshow"
"1691156062907297793","Mon Aug 14 22:32:47 +0000 2023","1","@Derivatives_Ape This is only if the price of bitcoin rises.... secular bear marekt ahead after this final pump","1691216324041592832","","Derivatives_Ape","en","Ireland","0","0","0","https://twitter.com/ChadMMD/status/1691216324041592832","1346191560204034054","ChadMMD"
"1691215894691586048","Mon Aug 14 22:31:05 +0000 2023","1","Billionaire Investor Predicts #Bitcoin Price!! 6 figures BTC date Reveled! https://t.co/91vL7DFoDM https://t.co/91vL7DFoDM https://t.co/tbD8xAC3Wa","1691215894691586048","https://pbs.twimg.com/media/F3hn4n8WIAAGiQH.jpg","","en","United States ","0","0","0","https://twitter.com/Aimstone5/status/1691215894691586048","1270410753103757312","Aimstone5"
"1691215624221970432","Mon Aug 14 22:30:00 +0000 2023","1","Bitcoin Alternative BTC20 Price Is About to Launch Buyback Begins and 54% of¬†Supply¬†Locked https://t.co/xJEQU73BGP","1691215624221970432","https://pbs.twimg.com/media/F3gZO0dbkAAXTau.jpg","","en","England, United Kingdom","0","0","0","https://twitter.com/TelanaVip/status/1691215624221970432","1511386538529067012","TelanaVip"
"1691206794054709255","Mon Aug 14 22:26:39 +0000 2023","3","@TrustTraveler @NotChaseColeman Tether is bad for #Bitcoin long-term but most people are holding Bitcoin are in it for the price-appreciation and can't call out the fraud. The in it for the tech crowd is in the minority especially at the highest levels of the industry. Take away the fraud take away the $.","1691214779703341061","","BitcoinRaider","en","Perched in a tree üå¥","0","0","0","https://twitter.com/ParrotCapital/status/1691214779703341061","4118467874","ParrotCapital"
"1691214436256686080","Mon Aug 14 22:25:17 +0000 2023","1","During this rise #BTC D might drop but it doesn't necessarily mean that the price of #BITCOIN will also decrease. The volatility might lessen as investors shift towards #altcoins especially mid to low cap ones since they can offer HUGE profits beyond what #BTC provides. https://t.co/Jm0pBZZxHx","1691214436256686080","https://pbs.twimg.com/media/F3hmg85WoAA0E1p.jpg","","en","Amsterdam, The Netherlands","0","3","0","https://twitter.com/danwest_crypto/status/1691214436256686080","1530814087583629313","danwest_crypto"
"1691214436248256512","Mon Aug 14 22:25:17 +0000 2023","1","During this rise #BTC D might drop but it doesn't necessarily mean that the price of #BITCOIN will also decrease. The volatility might lessen as investors shift towards #altcoins especially mid to low cap ones since they can offer HUGE profits beyond what #BTC provides. https://t.co/iY3BknIcZV","1691214436248256512","https://pbs.twimg.com/media/F3hmg9EWMAAtd5o.jpg","","en","Belfast, Northern Ireland","0","2","0","https://twitter.com/jeffweston_/status/1691214436248256512","1483218399249502214","jeffweston_"
"1691214287216238592","Mon Aug 14 22:24:41 +0000 2023","1","Unusual volume spotted on Binance $ETH spot market. ETH/USDT volume experienced a 1060.33% in the last 1 minute. Price: $1845.90 Volume: $805.85k LearnMore: https://t.co/qhZiIRuvaD : @GeniiData #geniidata #crypto #bitcoin #trading #ETH https://t.co/F82tdO7O1f","1691214287216238592","https://pbs.twimg.com/media/F3hmbpVXwAA40z4.jpg","","en","","0","1","0","https://twitter.com/GeniiAlert/status/1691214287216238592","1645761822111436801","GeniiAlert"
"1691214098736742401","Mon Aug 14 22:23:57 +0000 2023","1","Whats your BTC price target Ô∏è #crypto #bitcoin #wealth #rich #finance #money https://t.co/cNZanOagkk","1691214098736742401","https://pbs.twimg.com/amplify_video_thumb/1691213948492689408/img/AWmOegY33-8tjXUv.jpg","","en","Global","0","2","0","https://twitter.com/EvanRoblesC/status/1691214098736742401","1401068403553615872","EvanRoblesC"
"1691164188444393472","Mon Aug 14 22:21:09 +0000 2023","17","@CryptoCred I just did the impossible and took a couple weeks off with absolutely nothing moving. Bitcoin is the same price to the dollar and alts are slightly lower. Still don't have a life so I'm returning to desk. More fun here.","1691213394047561729","","CryptoCred","en","","0","5","0","https://twitter.com/VentureCoinist/status/1691213394047561729","877728873340956672","VentureCoinist"
"1691213304868270080","Mon Aug 14 22:20:47 +0000 2023","19","Did you know the last time volatility was this low was in January? When we were at $16k? Price isn t the most important thing about #Bitcoin but it IS a rabbit that many will follow. Personally price doesn t matter to me I ll exchange my dollars for #BTC regardless. https://t.co/x5ukTQ9Vfs","1691213304868270080","https://pbs.twimg.com/media/F3hliX6XkAEGspm.jpg","","en","Cleveland, GA","0","2","7","https://twitter.com/s_michaelsteele/status/1691213304868270080","900862600405286913","s_michaelsteele"
"1691212485175451649","Mon Aug 14 22:17:32 +0000 2023","1","These are the support levels for #Bitcoin in case the price drops lower!","1691212485175451649","","","en","","0","0","0","https://twitter.com/ichy_leechiyong/status/1691212485175451649","256879314","ichy_leechiyong"
"1691211481554333697","Mon Aug 14 22:13:33 +0000 2023","0","Bitcoin Price Outlook for August https://t.co/UP8a5RCa8e","1691211481554333697","","","en","","0","0","0","https://twitter.com/BitcoinMercher/status/1691211481554333697","2591360892","BitcoinMercher"
"1691211466706423811","Mon Aug 14 22:13:29 +0000 2023","2","Crypto assets like Bitcoin &amp; Ether represent a new asset class. Blockchain tech shows vast potential across sectors but it's early days. With challenges such as price volatility &amp; regulatory uncertainty high returns from potential ventures are expected. https://t.co/ywVwWMogy5","1691211466706423811","https://pbs.twimg.com/media/F3hj22rbsAI_TaL.jpg","","en","Tokyo, Japan","0","2","0","https://twitter.com/diceK_koba/status/1691211466706423811","799461594337902592","diceK_koba"
"1691210859018883073","Mon Aug 14 22:11:04 +0000 2023","0","$BTC Going up signal on a 1 hour chart! Price: \4474014.0 (2023/08/15 07:08) #Bitcoin #FX #BTC #crypto","1691210859018883073","","","en","","0","2","0","https://twitter.com/bitoco_in/status/1691210859018883073","1177988321168871424","bitoco_in"
"1691210612586745856","Mon Aug 14 22:10:05 +0000 2023","0","Bitcoin BTC Current Price: $29 374.79 1h: +0.07% 24h: +0.08% 7d: +0.73% 30d: -3.06% 60d: +14.94% 90d: +8.68% #btc $BTC #bitcoin","1691210612586745856","","","fr","Blockchain","0","2","1","https://twitter.com/aWebAnalysis/status/1691210612586745856","902975952438865924","aWebAnalysis"
"1691139032040747015","Mon Aug 14 22:09:03 +0000 2023","0","@cryptomanran Absolutely! Bitcoin's price swings used to keep us on our toes! ","1691210349406457856","","cryptomanran","en","","0","1","0","https://twitter.com/tokenmetricsinc/status/1691210349406457856","1136430327176581120","tokenmetricsinc"
"1691209937593208833","Mon Aug 14 22:07:24 +0000 2023","0","GM X Grinders. Checking in on the Bitcoin chart. Gann calls these days outside days. Price went down at the start of trade Then rallied higher. I you took a trade to the Upside you wouldn't be happy at the close. Check the chart below. ","1691209937593208833","","","en","Follow for Valuable Insights","0","1","0","https://twitter.com/SixG369/status/1691209937593208833","220871734","SixG369"
"1691186620836323329","Mon Aug 14 22:05:10 +0000 2023","0","@KamstraPaul @Displee @FBI True. But price reflects mostly supply and demand. Miners mine for many reasons. Do you feel that miners who don't find blocks alway buy those bitcoin? Thats not logical. So it is different.","1691209373480095744","","KamstraPaul","en","Amersfoort, Nederland","0","1","0","https://twitter.com/tom_lamoen/status/1691209373480095744","1476154549698236416","tom_lamoen"
"1691208642454863872","Mon Aug 14 22:02:16 +0000 2023","0","Bitcoin's 1-month volatility at levels that have previously preceded large price impulses https://t.co/eIxHn69RMa","1691208642454863872","https://pbs.twimg.com/media/F3hhSqFXEAEPco3.jpg","","en","Dallas, TX","0","0","0","https://twitter.com/gold_kingozzie/status/1691208642454863872","1669435793876701195","gold_kingozzie"
"1691208466503995394","Mon Aug 14 22:01:34 +0000 2023","0","$BTC Going up signal on a 30 minute chart! Price: \4470000.0 (2023/08/15 06:59) #Bitcoin #FX #BTC #crypto","1691208466503995394","","","en","","0","2","0","https://twitter.com/bitoco_in/status/1691208466503995394","1177988321168871424","bitoco_in"
"1691208376426881025","Mon Aug 14 22:01:12 +0000 2023","0","Bitcoin Fear and Greed Index is 50 - Neutral Current price: $29 376 https://t.co/bjFk7xVlpK","1691208376426881025","https://pbs.twimg.com/media/F3hg0HZXcAAlWFN.png","","en","","0","0","0","https://twitter.com/cryptofeargred/status/1691208376426881025","622994067","cryptofeargred"
"1691208374224908288","Mon Aug 14 22:01:12 +0000 2023","2","In case you missed it... UK Employment PreviewÔ∏è https://t.co/z9k86HFoxK #Gold Price ForecastÔ∏è https://t.co/FTw2eBdIqR #Bitcoin #ETF potential approval could come close to BTC halvingÔ∏è https://t.co/SE9ZBQy5pC #Forex #Crypto https://t.co/GEc3jkZF2w","1691208374224908288","https://pbs.twimg.com/media/F3hhDg4XIAA3oSz.jpg","","en","Barcelona","0","3","1","https://twitter.com/FXstreetUpdate/status/1691208374224908288","24891799","FXstreetUpdate"
"1691208207924953088","Mon Aug 14 22:00:32 +0000 2023","0","1/ News on Bitcoin price analysis according to @CointelegraphMT #Bitcoin stays frustratingly quiet after the weekly close but #BTC price forecasts are giving ever-shorter breakout deadlines. https://t.co/0jPF6L9Zyi ‚§µÔ∏è","1691208207924953088","","","en","Libre","0","1","0","https://twitter.com/librewallet/status/1691208207924953088","1400600494133809152","librewallet"
"1691208110747058176","Mon Aug 14 22:00:09 +0000 2023","351","Bitcoin Fear and Greed Index is 50 - Neutral Current price: $29 376 https://t.co/LdeSGMRj3f","1691208110747058176","https://pbs.twimg.com/media/F3hg0HZXcAAlWFN.png","","en","TURN üîî NOTIFICATIONS ON","1","17","42","https://twitter.com/BitcoinFear/status/1691208110747058176","1151046460688887808","BitcoinFear"
"1691207973836554240","Mon Aug 14 21:59:37 +0000 2023","0","However according to statistics provided by The Block Bitcoin s¬†annualized 30-day price volatility is now at a record low of 15.5%. In 2022 the digital asset s 30-day volatility averaged 61.4% annually. This indicator has maintained a 2023 average of 43.8% so far.","1691207976504221696","","JERRY88501324","en","","0","1","0","https://twitter.com/JERRY88501324/status/1691207976504221696","1503834056483647490","JERRY88501324"
"1691207962633940992","Mon Aug 14 21:59:34 +0000 2023","0","Bitcoin Price Outlook for August https://t.co/KQ2OI0rZuR","1691207962633940992","","","en","","0","0","0","https://twitter.com/WeMakeBitcoin/status/1691207962633940992","2591385276","WeMakeBitcoin"
"1691207465667301376","Mon Aug 14 21:57:35 +0000 2023","22","I've been trying to keep up with newly published research articles with the keyword Bitcoin on Google Scholar for a couple months now. Feels like 80% are written by a bunch of fools trying to predict price with machine learning another 10% is blockchain entity clustering.","1691207465667301376","","","en","testnet","0","4","3","https://twitter.com/callebtc/status/1691207465667301376","1314457819597463552","callebtc"
"1691186620836323329","Mon Aug 14 21:57:12 +0000 2023","1","@tom_lamoen @Displee @FBI A. How do you know they are not sold? B. The Bitcoin come into the system and someone wants them. What they gave in return..dollars..stuff...electricity..stocks it doesnt matter its still someone wants the Bitcoin and gets the Bitcoin so it is reflected in price....","1691207369064112129","","tom_lamoen","en","","0","2","0","https://twitter.com/KamstraPaul/status/1691207369064112129","4387653333","KamstraPaul"
"1691207333618364420","Mon Aug 14 21:57:04 +0000 2023","1","$BTC Going up signal on a 15 minute chart! Price: \4468580.0 (2023/08/15 06:51) #Bitcoin #FX #BTC #crypto","1691207333618364420","","","en","","0","2","0","https://twitter.com/bitoco_in/status/1691207333618364420","1177988321168871424","bitoco_in"
"1691207281583558656","Mon Aug 14 21:56:51 +0000 2023","24","$Solana looks like it's about to go parabolic following $bitcoin price action. Potential 250%+ return .29 Ô∏è .99 https://t.co/LWTqRLdEuN","1691207281583558656","https://pbs.twimg.com/media/F3hfRJGXoAAOPFu.jpg","","en","","0","8","5","https://twitter.com/HBAcrypto/status/1691207281583558656","1410701161557078021","HBAcrypto"
"1691206796059291649","Mon Aug 14 21:54:55 +0000 2023","6","#UNFI Change: %-1.22‚¨áÔ∏è Last Price: 4.214 Previous Price: 4.266 Seri satƒ±≈ülar mevcut!! Sinyal takipteyiz $Unfi #Bitcoin #Hbar #Bake #eth","1691206796059291649","","","tr","ƒ∞stanbul, T√ºrkiye","0","1","3","https://twitter.com/bigwhalesignal/status/1691206796059291649","3097539341","bigwhalesignal"
"1691170206251438080","Mon Aug 14 21:53:33 +0000 2023","3","@BCBacker Thanks BCB. Great video. So when bitcoin dominance falls does bitcoin price goes down as well? If yes why do alts go up if they typically go up with bitcoin.","1691206448674746368","","BCBacker","en","Washington, USA","0","5","0","https://twitter.com/CJtoknow/status/1691206448674746368","841274355531177984","CJtoknow"
"1691205918363365376","Mon Aug 14 21:51:26 +0000 2023","3","#Bitcoin volatility index is at its lowest level since January 2023 Usually this low volatility levels are followed by rallyes in the price of #BTC https://t.co/co3hMiZEz6","1691205918363365376","https://pbs.twimg.com/media/F3heYMUXEAAOSe6.png","","en","Bitcoin","0","1","1","https://twitter.com/trading_soldier/status/1691205918363365376","1521216809738944516","trading_soldier"
"1691186620836323329","Mon Aug 14 21:48:32 +0000 2023","1","@tom_lamoen @Displee @FBI Manipulating? By selling 10k Bitcoin per 3 months? In 3 months 81k Bitcoin are mined. So does not affect the price at all","1691205188948799488","","tom_lamoen","en","","0","1","0","https://twitter.com/KamstraPaul/status/1691205188948799488","4387653333","KamstraPaul"
"1691204769233174529","Mon Aug 14 21:46:56 +0000 2023","0","In¬†this¬†Bitcoin price prediction the question on everyone's mind is: where is BTC heading next?","1691204785947455489","","JERRY88501324","en","","0","0","0","https://twitter.com/JERRY88501324/status/1691204785947455489","1503834056483647490","JERRY88501324"
"1691204769233174529","Mon Aug 14 21:46:54 +0000 2023","0","With the live #Bitcoin price at $29 468 and a substantial 24-hour trading volume of $13.3 billion the crypto market is buzzing with anticipation.","1691204776409583616","","JERRY88501324","en","","0","1","0","https://twitter.com/JERRY88501324/status/1691204776409583616","1503834056483647490","JERRY88501324"
"1691204769233174529","Mon Aug 14 21:46:52 +0000 2023","0","Bitcoin's recent price¬†surge of 1.5% has ignited discussions about the cryptocurrency's future trajectory.","1691204769233174529","","","en","","0","2","0","https://twitter.com/JERRY88501324/status/1691204769233174529","1503834056483647490","JERRY88501324"
"1691204564245188608","Mon Aug 14 21:46:03 +0000 2023","0","Former US SEC Chair Jay Clayton Calls for Spot Bitcoin ETF Approval Where Next for the BTC Price? #blockchain https://t.co/OjdF9A768k","1691204564245188608","","","en","Nederland","0","2","0","https://twitter.com/decryptosector/status/1691204564245188608","232876465","decryptosector"
"1691204471072636928","Mon Aug 14 21:45:41 +0000 2023","10","In theory price of #Bitcoin should go up slowly in the coming 12-18 months while all the banking system around the globe falls apart. When the FED injects trillions to save the hole system the price will accelerate. Litecoin should skyrocket when Bitcoin goes over 60-70K.","1691204471072636928","","","en","","0","2","2","https://twitter.com/elreydeldolar/status/1691204471072636928","1477300221361201155","elreydeldolar"
"1691204311701950464","Mon Aug 14 21:45:03 +0000 2023","0","$BTC: Analyst Explains How Fitch s Downgrade of US Government s Credit Rating Could Hurt the Bitcoin Price","1691204311701950464","","","en","","0","2","0","https://twitter.com/okitelasimon/status/1691204311701950464","2588938747","okitelasimon"
"1691203979475083264","Mon Aug 14 21:43:44 +0000 2023","0","#BITCOIN PRICE COMPRESSION! https://t.co/hVxWbdTFIy","1691203979475083264","https://pbs.twimg.com/media/F3hdCemWAAA1QAt.jpg","","en","Bitcoin  ü§© üåô","0","0","0","https://twitter.com/rovercrc512/status/1691203979475083264","723563545","rovercrc512"
"1691203467530964992","Mon Aug 14 21:41:42 +0000 2023","0","#Bitcoin Price Compression is suggesting a BIG move is happening in the coming 2/3 weeks. https://t.co/k4FJh54Vev","1691203467530964992","https://pbs.twimg.com/media/F3hckjOWkAAL7mB.jpg","","en","Bitcoin  ü§© üåô","0","0","0","https://twitter.com/rovercrc512/status/1691203467530964992","723563545","rovercrc512"
"1691202905754177536","Mon Aug 14 21:39:28 +0000 2023","2","Takeaways: 1. BTC Dominance ‚¨áÔ∏è Alts Price ‚¨ÜÔ∏è 2. BTC.D ‚¨ÜÔ∏è = Safety Trade or Bitcoin FOMO Trade 3. BTC.D + ETH.D + USDT.D + USDC.D = Safety Trade Index (STI) 1/2","1691202905754177536","","","en","","0","1","0","https://twitter.com/TradeJournal90/status/1691202905754177536","1689022247728463872","TradeJournal90"
"1691181953272197120","Mon Aug 14 21:37:56 +0000 2023","1","@BitcoinNewsCom Wrong bitcoin in argentina is valued at 19.865.000 10m is the official value and is imaginary the goverment will never sell you at that price","1691202521732169729","","BitcoinNewsCom","en","","0","0","0","https://twitter.com/ArturoH40955550/status/1691202521732169729","1102961133617639424","ArturoH40955550"
"1691201743227695105","Mon Aug 14 21:34:51 +0000 2023","0","Bitcoin Price Outlook for August https://t.co/RNQHSArSL2 https://t.co/sZHmtUVRj7","1691201743227695105","https://pbs.twimg.com/media/F3hbBgrakAE3X7C.jpg","","en","","0","0","0","https://twitter.com/thebtcreport/status/1691201743227695105","963630466816454659","thebtcreport"
"1691197597132771328","Mon Aug 14 21:18:22 +0000 2023","0","Bitcoin Price Outlook for August https://t.co/NwNYPbpDoh","1691197597132771328","","","en","United States","0","0","0","https://twitter.com/BobbyLSomers/status/1691197597132771328","554449198","BobbyLSomers"
"1691197515037814784","Mon Aug 14 21:18:03 +0000 2023","1","Bitcoin Price Prediction as BTC Spikes Up 1.5% Where is BTC Heading Now?","1691197515037814784","","","en","","0","1","0","https://twitter.com/pavanmeet/status/1691197515037814784","89621480","pavanmeet"
"1691197386520170502","Mon Aug 14 21:17:32 +0000 2023","0","Bitcoin Price Prediction as BTC Spikes Up 1.5% Where is BTC Heading Now? https://t.co/N9McSZXfMC","1691197386520170502","","","en","","0","1","0","https://twitter.com/CoinWebKo/status/1691197386520170502","1658105003398283264","CoinWebKo"
"1691197035393757185","Mon Aug 14 21:16:08 +0000 2023","0","[ Crypto News Alert! ] Bitcoin price taps $29.3K as data shows 'most resilient' US jobs market","1691197035393757185","","","en","","0","2","0","https://twitter.com/WeldonHDAA/status/1691197035393757185","2413204491","WeldonHDAA"
"1691196331350454272","Mon Aug 14 21:13:20 +0000 2023","2","#Bitcoin : The same 28 candles after reaching ATH. The same moving average crossover. The same crossover on TSI (True Strength Index). The same narrow price range after RSI (Relative Strength Index) crossover. Why would it be different this time? https://t.co/BDohClulqg","1691196331350454272","https://pbs.twimg.com/media/F3hWGcsWcAAn34i.jpg","","en","United States","0","0","0","https://twitter.com/IdouaddiMohamed/status/1691196331350454272","1475128153139986439","IdouaddiMohamed"
"1691031660848984064","Mon Aug 14 21:10:32 +0000 2023","1","@PeterMi06461106 @JackyRieu @BTC20Token So btc20 went up 200 new holder and the price can crashing with each new customer. So what does that mean. And it s newer than Bitcoin so it s not the same levels.","1691195624744484864","","PeterMi06461106","en","","0","4","0","https://twitter.com/black99390/status/1691195624744484864","1668507413719273474","black99390"
"1691195616850817024","Mon Aug 14 21:10:30 +0000 2023","0","Former US SEC Chair Jay Clayton Calls for Spot Bitcoin ETF Approval Where Next for the BTC Price? https://t.co/xWwHlpfltr","1691195616850817024","","","en","Attiki, Greece","0","1","0","https://twitter.com/Giannis00118479/status/1691195616850817024","1382417798186598400","Giannis00118479"
"1691195379319189504","Mon Aug 14 21:09:33 +0000 2023","0","Bitcoin consolidates near $29 300 as stocks climb ahead of retail sales data #Bitcoinprice #BTC #crypto https://t.co/4YN2oLHbwm","1691195379319189504","","","en","","0","1","2","https://twitter.com/KitcoCrypto/status/1691195379319189504","1144612974629400577","KitcoCrypto"
"1691195300646420480","Mon Aug 14 21:09:15 +0000 2023","160","There's a MASSIVE catalyst looming for Bitcoin that nobody is talking about. It could send price absolutely flying. Discussing this and more with @Scaramucci Then talking about how it could WRECK altcoins with @intocryptoverse! 9 AM EST tomorrow! https://t.co/QP6TXiDUgl","1691195300646420480","","","en","Not Financial Advice","2","52","30","https://twitter.com/scottmelker/status/1691195300646420480","17351167","scottmelker"
"1691194739117154304","Mon Aug 14 21:07:01 +0000 2023","2","3/ Ô∏è Over the past 30 days BTC's price has ranged within a 9.8% band. Just a mere 2.8% of all previous months In BTC's history since 2014 has been tighter than this. This level of consolidation and volatility compression is nearly unprecedented for #Bitcoin. https://t.co/xbEWiHIwSG","1691194741663150080","https://pbs.twimg.com/media/F3hUptiWIAA6vu2.jpg","TonyCai_","en","Give Atomic.Finance a try üëâ","0","1","0","https://twitter.com/TonyCai_/status/1691194741663150080","55147138","TonyCai_"
